,State,County,Female Civilians,Female Officers,Male Civilians,Male Officers,Crime Cleared Count aggravated-assault,Crime Cleared Count arson,Crime Cleared Count burglary,Crime Cleared Count homicide,Crime Cleared Count human-trafficing,Crime Cleared Count larceny,Crime Cleared Count motor-vehicle-theft,Crime Cleared Count property-crime,Crime Cleared Count rape,Crime Cleared Count rape-legacy,Crime Cleared Count robbery,Crime Cleared Count violent-crime,Total Crime Count aggravated-assault,Total Crime Count arson,Total Crime Count burglary,Total Crime Count homicide,Total Crime Count human-trafficing,Total Crime Count larceny,Total Crime Count motor-vehicle-theft,Total Crime Count property-crime,Total Crime Count rape,Total Crime Count rape-legacy,Total Crime Count robbery,Total Crime Count violent-crime,Total Cleared,Total Crime,Total Clear Rate,Total Female Workforce,Total Male Workforce,Total Workforce,Total Officers
0,ALABAMA,BLOUNT,14.0,3.0,11.0,49.0,65,3,36,1,0,148,29,213,13,0,5,84,402,12,320,1,0,754,142,1216,20,0,10,433,597,3310,0.18036253776435046,17.0,60.0,77.0,52.0
1,ALABAMA,BUTLER,9.0,0.0,4.0,51.0,37,1,43,3,0,157,7,207,5,0,12,57,90,5,111,5,0,421,23,555,6,0,16,117,529,1349,0.3921423276501112,9.0,55.0,64.0,51.0
2,ALABAMA,CHILTON,5.0,6.0,1.0,65.0,65,2,42,0,0,191,20,253,4,0,1,70,277,8,344,0,0,735,90,1169,17,0,6,300,648,2946,0.219959266802444,11.0,66.0,77.0,71.0
3,ALABAMA,COVINGTON,13.0,4.0,10.0,72.0,98,0,43,2,0,257,24,324,8,0,5,113,119,4,156,2,0,579,48,783,21,0,9,151,874,1872,0.4668803418803419,17.0,82.0,99.0,76.0
4,ALABAMA,CRENSHAW,5.0,0.0,2.0,23.0,7,0,3,0,0,13,2,18,0,0,0,7,18,0,54,1,0,98,10,162,0,0,2,21,50,366,0.1366120218579235,5.0,25.0,30.0,23.0
5,ALABAMA,ETOWAH,73.0,15.0,69.0,241.0,111,5,97,1,0,198,69,364,27,0,10,149,562,17,693,6,0,2552,362,3607,61,0,71,700,1031,8631,0.1194531340516742,88.0,310.0,398.0,256.0
6,ALABAMA,HENRY,18.0,0.0,2.0,38.0,11,0,9,0,0,22,6,37,1,0,3,15,26,5,70,0,0,142,21,233,5,0,4,35,104,541,0.1922365988909427,18.0,40.0,58.0,38.0
7,ALABAMA,JEFFERSON,463.0,263.0,214.0,1959.0,985,25,641,62,0,1887,499,3027,82,0,398,1527,3940,229,6342,104,0,16108,2350,24800,297,0,1493,5834,9133,61497,0.1485113094947721,726.0,2173.0,2899.0,2222.0
8,ALABAMA,LAWRENCE,9.0,1.0,11.0,49.0,22,1,13,0,0,36,12,61,7,0,4,33,68,9,127,0,0,234,40,401,8,0,7,83,189,977,0.19344933469805528,10.0,60.0,70.0,50.0
9,ALABAMA,MACON,34.0,5.0,20.0,41.0,9,0,4,1,0,15,2,21,1,0,0,11,114,9,195,6,0,319,46,560,11,0,7,138,64,1405,0.04555160142348755,39.0,61.0,100.0,46.0
10,ALABAMA,RANDOLPH,15.0,2.0,10.0,48.0,9,0,12,0,0,52,8,72,1,0,3,13,46,2,112,0,0,260,33,405,7,0,12,65,170,942,0.18046709129511676,17.0,58.0,75.0,50.0
11,ALABAMA,SUMTER,12.0,3.0,2.0,30.0,5,0,0,1,0,7,0,7,0,0,0,6,25,3,24,1,0,64,5,93,3,0,5,34,26,257,0.10116731517509728,15.0,32.0,47.0,33.0
12,ALASKA,WRANGELL CITY AND BOROUGH,7.0,0.0,0.0,6.0,0,0,1,0,0,3,2,6,0,0,0,0,0,0,1,0,0,17,3,21,0,0,0,0,12,42,0.2857142857142857,7.0,6.0,13.0,6.0
13,ARIZONA,MARICOPA,3315.0,851.0,2820.0,7236.0,4583,113,1950,124,0,17907,1263,21120,345,0,1314,6366,11417,518,24197,238,0,89826,12909,126932,2048,0,5135,18838,55085,292058,0.18860979668422026,4166.0,10056.0,14222.0,8087.0
14,ARIZONA,PIMA,788.0,244.0,755.0,1610.0,1173,41,508,28,0,4840,259,5607,64,0,260,1525,3102,214,6153,49,0,34736,2725,43614,596,0,1445,5192,14305,97826,0.146229018870239,1032.0,2365.0,3397.0,1854.0
15,ARIZONA,SANTA CRUZ,31.0,6.0,36.0,85.0,25,0,79,0,0,125,49,253,2,0,1,28,63,0,153,0,0,394,153,700,2,0,3,68,562,1536,0.3658854166666667,37.0,121.0,158.0,91.0
16,ARKANSAS,BRADLEY,8.0,3.0,1.0,14.0,9,0,16,2,0,9,0,25,0,0,2,13,22,0,114,2,0,52,7,173,5,0,5,34,76,414,0.18357487922705315,11.0,15.0,26.0,17.0
17,ARKANSAS,CALHOUN,3.0,0.0,3.0,9.0,9,0,5,0,0,3,0,8,0,0,0,9,10,1,25,0,0,38,4,67,2,0,1,13,34,161,0.2111801242236025,3.0,12.0,15.0,9.0
18,ARKANSAS,CARROLL,11.0,2.0,1.0,52.0,41,0,10,2,0,47,4,61,6,0,3,52,63,2,113,3,0,303,30,446,31,0,3,100,226,1094,0.20658135283363802,13.0,53.0,66.0,54.0
19,ARKANSAS,CLAY,11.0,0.0,9.0,26.0,15,0,9,1,0,17,1,27,1,0,0,17,21,1,41,1,0,121,9,171,10,0,1,33,88,409,0.21515892420537897,11.0,35.0,46.0,26.0
20,ARKANSAS,CRAWFORD,30.0,7.0,28.0,87.0,123,0,93,3,0,200,22,315,23,0,6,155,223,3,451,3,0,1141,122,1714,54,0,10,290,940,4011,0.2343555223136375,37.0,115.0,152.0,94.0
21,ARKANSAS,LINCOLN,8.0,0.0,5.0,14.0,9,0,3,0,0,9,1,13,0,0,0,9,21,0,47,0,0,91,15,153,4,0,0,25,44,356,0.12359550561797752,8.0,19.0,27.0,14.0
22,ARKANSAS,LONOKE,34.0,5.0,27.0,109.0,120,0,56,3,0,190,21,267,27,0,12,162,179,5,311,3,0,991,156,1458,61,0,23,266,858,3453,0.24847958297132927,39.0,136.0,175.0,114.0
23,ARKANSAS,MISSISSIPPI,49.0,6.0,32.0,110.0,143,1,114,10,0,205,13,332,15,0,32,200,290,7,698,13,0,996,75,1769,39,0,87,429,1065,4403,0.24188053599818304,55.0,142.0,197.0,116.0
24,ARKANSAS,MONROE,10.0,3.0,6.0,17.0,16,0,2,0,0,6,0,8,0,0,1,17,32,2,44,0,0,137,16,197,2,0,1,35,50,466,0.1072961373390558,13.0,23.0,36.0,20.0
25,ARKANSAS,UNION,30.0,11.0,14.0,76.0,115,0,51,2,0,129,9,189,0,0,9,126,190,5,631,5,0,632,72,1335,12,0,36,243,630,3161,0.1993040177159127,41.0,90.0,131.0,87.0
26,CALIFORNIA,COLUSA,27.0,3.0,8.0,45.0,10,0,7,0,0,22,11,40,1,0,3,14,33,0,121,0,0,210,26,357,5,0,8,46,108,806,0.13399503722084366,30.0,53.0,83.0,48.0
27,CALIFORNIA,CONTRA COSTA,503.0,218.0,210.0,1505.0,713,27,288,24,0,1763,363,2414,74,0,303,1114,1971,194,4097,52,0,16534,6399,27030,291,0,1458,3772,7083,61798,0.1146153597203793,721.0,1715.0,2436.0,1723.0
28,CALIFORNIA,DEL NORTE,18.0,2.0,17.0,40.0,58,0,68,0,0,80,5,153,8,0,9,75,125,7,293,0,0,189,26,508,32,0,18,175,456,1373,0.33211944646758923,20.0,57.0,77.0,42.0
29,CALIFORNIA,LAKE,46.0,6.0,42.0,82.0,64,2,63,2,0,112,28,203,7,0,22,95,271,21,627,3,0,779,340,1746,39,0,66,379,598,4271,0.1400140482322641,52.0,124.0,176.0,88.0
30,CALIFORNIA,MARIN,127.0,61.0,40.0,333.0,121,7,77,1,0,392,31,500,17,0,44,183,235,23,745,3,0,3074,500,4319,48,0,151,437,1373,9535,0.1439958049292082,188.0,373.0,561.0,394.0
31,CALIFORNIA,MERCED,132.0,22.0,91.0,265.0,581,21,149,9,0,629,134,912,15,0,75,680,1165,117,1830,6,0,4395,1433,7658,79,0,238,1488,3205,18409,0.17409962518333424,154.0,356.0,510.0,287.0
32,CALIFORNIA,MONO,9.0,1.0,11.0,30.0,16,0,6,0,0,10,0,16,1,0,1,18,24,0,39,2,0,111,12,162,7,0,4,37,68,398,0.1708542713567839,10.0,41.0,51.0,31.0
33,CALIFORNIA,SAN MATEO,349.0,114.0,246.0,949.0,549,11,350,11,0,1678,240,2268,98,0,196,854,906,78,3017,9,0,10249,1627,14893,254,0,465,1634,6255,33132,0.18879029337196668,463.0,1195.0,1658.0,1063.0
34,CALIFORNIA,SIERRA,1.0,0.0,5.0,11.0,9,0,1,0,0,0,0,1,0,0,0,9,14,1,8,0,0,18,0,26,0,0,0,14,20,81,0.24691358024691357,1.0,16.0,17.0,11.0
35,CALIFORNIA,TRINITY,9.0,6.0,0.0,29.0,53,0,101,3,0,133,0,234,3,0,6,65,54,0,101,3,0,138,60,299,3,0,6,66,598,730,0.8191780821917808,15.0,29.0,44.0,35.0
36,CALIFORNIA,TUOLUMNE,43.0,3.0,28.0,69.0,72,5,71,1,0,177,29,277,19,0,11,103,117,12,436,1,0,721,115,1272,54,0,15,187,765,2930,0.26109215017064846,46.0,97.0,143.0,72.0
37,CALIFORNIA,VENTURA,483.0,139.0,241.0,1157.0,586,18,305,22,0,1706,192,2203,58,0,226,892,1143,105,2835,31,0,11581,1626,16042,257,0,721,2152,6208,36493,0.1701148165401584,622.0,1398.0,2020.0,1296.0
38,COLORADO,ALAMOSA,6.0,9.0,16.0,46.0,3,0,3,0,0,9,0,12,0,0,0,3,6,0,21,0,0,109,8,138,5,0,0,11,30,298,0.10067114093959731,15.0,62.0,77.0,55.0
39,COLORADO,CLEAR CREEK,21.0,1.0,24.0,38.0,25,17,3,1,0,11,2,16,4,0,1,31,39,19,23,1,0,108,12,143,11,0,1,52,111,409,0.2713936430317848,22.0,62.0,84.0,39.0
40,COLORADO,COSTILLA,3.0,0.0,0.0,6.0,0,0,0,0,0,0,0,0,0,0,0,0,0,0,0,0,0,0,0,0,0,0,0,0,0,0,,3.0,6.0,9.0,6.0
41,COLORADO,CUSTER,8.0,1.0,5.0,9.0,6,0,3,0,0,14,5,22,1,0,0,7,6,5,22,0,0,70,7,99,1,0,0,7,58,217,0.2672811059907834,9.0,14.0,23.0,10.0
42,COLORADO,DELTA,26.0,3.0,10.0,61.0,4,2,9,0,0,77,5,91,1,0,1,6,7,4,105,0,0,348,44,497,19,0,1,27,196,1052,0.18631178707224336,29.0,71.0,100.0,64.0
43,COLORADO,ELBERT,8.0,4.0,0.0,44.0,1,0,1,0,0,5,1,7,1,0,0,2,1,0,2,0,0,5,2,9,1,0,0,2,18,22,0.8181818181818182,12.0,44.0,56.0,48.0
44,COLORADO,GILPIN,23.0,11.0,5.0,52.0,3,0,0,0,0,70,4,74,3,0,0,6,4,1,14,0,0,216,16,246,7,0,1,12,160,517,0.30947775628626695,34.0,57.0,91.0,63.0
45,COLORADO,HINSDALE,1.0,0.0,0.0,4.0,3,0,0,0,0,1,0,1,0,0,0,3,3,0,2,0,0,4,0,6,1,0,0,4,8,20,0.4,1.0,4.0,5.0,4.0
46,COLORADO,LAS ANIMAS,14.0,1.0,13.0,34.0,7,1,14,0,0,84,3,101,0,0,5,12,17,7,151,0,0,322,19,492,3,0,12,32,227,1055,0.21516587677725119,15.0,47.0,62.0,35.0
47,COLORADO,MOFFAT,6.0,10.0,2.0,48.0,11,0,3,0,0,73,2,78,5,0,1,17,12,3,26,0,0,247,10,283,7,0,3,22,190,613,0.3099510603588907,16.0,50.0,66.0,58.0
48,COLORADO,MONTEZUMA,34.0,7.0,35.0,66.0,31,2,17,0,0,92,5,114,0,0,1,32,49,4,63,1,0,330,13,406,2,0,3,55,294,926,0.3174946004319654,41.0,101.0,142.0,73.0
49,CONNECTICUT,HARTFORD,236.0,203.0,185.0,1733.0,733,102,413,16,0,3233,241,3887,97,0,277,1123,1215,263,2806,22,0,15088,2223,20117,244,0,822,2303,10122,45103,0.224419661663304,439.0,1918.0,2357.0,1936.0
50,FLORIDA,DUVAL,572.0,290.0,679.0,1710.0,1597,27,752,63,0,3312,570,4634,254,0,396,2310,3586,89,6166,106,0,24466,3218,33850,540,0,1523,5755,13915,79299,0.17547510056873353,862.0,2389.0,3251.0,2000.0
51,FLORIDA,FLAGLER,12.0,31.0,53.0,182.0,150,3,30,0,0,254,27,311,7,0,13,170,206,8,334,0,0,1405,105,1844,20,0,32,258,965,4212,0.22910731244064578,43.0,235.0,278.0,213.0
52,FLORIDA,GLADES,42.0,1.0,29.0,28.0,18,0,4,0,0,10,2,16,2,0,1,21,25,0,33,0,0,85,10,128,2,0,2,29,74,314,0.2356687898089172,43.0,57.0,100.0,29.0
53,FLORIDA,GULF,12.0,1.0,1.0,34.0,47,1,10,0,0,24,1,35,3,0,3,53,54,2,81,0,0,123,5,209,3,0,3,60,177,540,0.3277777777777778,13.0,35.0,48.0,35.0
54,FLORIDA,HILLSBOROUGH,1136.0,358.0,1362.0,2002.0,2017,22,1083,34,0,4941,617,6641,198,0,437,2686,2857,146,4493,63,0,17552,2008,24053,280,0,903,4103,18676,56458,0.3307945729568883,1494.0,3364.0,4858.0,2360.0
55,FLORIDA,LIBERTY,12.0,3.0,11.0,14.0,1,0,0,1,0,0,0,0,0,0,0,2,1,0,1,1,0,4,2,7,0,0,0,2,4,18,0.2222222222222222,15.0,25.0,40.0,17.0
56,FLORIDA,OKEECHOBEE,43.0,16.0,9.0,128.0,88,0,43,4,0,183,24,250,7,0,9,108,115,0,246,5,0,939,87,1272,19,0,17,156,716,2856,0.2507002801120448,59.0,137.0,196.0,144.0
57,FLORIDA,PASCO,320.0,63.0,306.0,598.0,839,16,347,10,0,2275,320,2942,103,0,108,1060,1242,59,2041,12,0,7758,752,10551,183,0,216,1653,8020,24467,0.327788449748641,383.0,904.0,1287.0,661.0
58,FLORIDA,WAKULLA,34.0,10.0,8.0,59.0,31,0,22,2,0,90,6,118,1,0,1,35,44,2,134,1,0,350,20,504,3,0,4,52,306,1114,0.2746858168761221,44.0,67.0,111.0,69.0
59,GEORGIA,BARTOW,26.0,42.0,7.0,238.0,74,4,89,0,0,524,64,677,4,3,8,89,346,8,710,0,0,2361,307,3378,8,28,55,437,1536,7638,0.20109976433621368,68.0,245.0,313.0,280.0
60,GEORGIA,BERRIEN,4.0,1.0,5.0,30.0,6,0,32,0,0,105,6,143,0,5,5,16,19,1,114,0,0,353,10,477,0,13,12,44,318,1043,0.30488974113135187,5.0,35.0,40.0,31.0
61,GEORGIA,BRANTLEY,19.0,2.0,11.0,19.0,9,0,14,0,0,50,2,66,0,0,2,11,28,0,124,0,0,345,15,484,0,7,5,40,154,1048,0.14694656488549618,21.0,30.0,51.0,21.0
62,GEORGIA,CAMDEN,38.0,18.0,26.0,111.0,0,0,4,0,0,4,1,9,0,0,0,0,59,2,164,0,0,446,26,636,0,1,9,69,18,1412,0.012747875354107648,56.0,137.0,193.0,129.0
63,GEORGIA,CHATTOOGA,8.0,7.0,11.0,42.0,4,0,4,0,0,46,2,52,0,0,2,6,22,0,107,0,0,291,12,410,2,0,4,28,116,876,0.1324200913242009,15.0,53.0,68.0,49.0
64,GEORGIA,CLINCH,4.0,2.0,3.0,20.0,16,0,12,0,0,54,7,73,0,0,2,18,23,1,48,0,0,151,12,211,0,0,5,28,182,479,0.37995824634655534,6.0,23.0,29.0,22.0
65,GEORGIA,COLUMBIA,61.0,38.0,49.0,232.0,18,0,33,12,0,394,12,439,0,1,5,36,37,4,246,9,0,1833,80,2159,0,11,20,77,950,4476,0.21224307417336907,99.0,281.0,380.0,270.0
66,GEORGIA,CRAWFORD,14.0,1.0,4.0,16.0,15,0,17,0,0,44,2,63,0,1,0,16,19,0,62,0,0,167,23,252,0,2,2,23,158,550,0.2872727272727273,15.0,20.0,35.0,17.0
67,GEORGIA,CRISP,17.0,14.0,3.0,75.0,17,0,81,1,0,495,7,583,0,0,2,20,37,0,164,2,0,694,23,881,0,2,10,51,1206,1864,0.6469957081545065,31.0,78.0,109.0,89.0
68,GEORGIA,DODGE,15.0,4.0,23.0,29.0,7,0,9,0,0,34,4,47,0,0,0,7,54,0,149,0,0,614,19,782,0,6,9,69,108,1702,0.06345475910693302,19.0,52.0,71.0,33.0
69,GEORGIA,DOOLY,28.0,5.0,16.0,35.0,15,1,17,0,0,72,1,90,0,1,2,18,16,1,30,0,0,130,15,175,0,1,4,21,217,393,0.5521628498727735,33.0,51.0,84.0,40.0
70,GEORGIA,GRADY,17.0,2.0,11.0,40.0,11,0,13,0,0,149,8,170,0,1,2,14,38,0,122,0,0,306,27,455,0,1,6,45,368,1000,0.368,19.0,51.0,70.0,42.0
71,GEORGIA,HART,13.0,3.0,13.0,48.0,14,0,11,1,0,129,5,145,0,0,0,15,82,0,154,0,0,529,18,701,4,1,4,91,320,1584,0.20202020202020202,16.0,61.0,77.0,51.0
72,GEORGIA,HENRY,65.0,33.0,21.0,293.0,119,0,106,7,0,919,56,1081,1,14,50,191,196,14,1171,8,0,3839,504,5514,1,44,140,389,2544,11820,0.2152284263959391,98.0,314.0,412.0,326.0
73,GEORGIA,JEFFERSON,8.0,16.0,0.0,47.0,10,0,6,1,0,27,4,37,0,0,0,11,43,0,118,2,0,252,13,383,1,4,7,57,96,880,0.10909090909090909,24.0,47.0,71.0,63.0
74,GEORGIA,LAURENS,19.0,21.0,12.0,145.0,68,0,33,0,0,197,11,241,0,2,8,78,141,1,386,2,0,973,76,1435,0,15,48,206,638,3283,0.19433445019798964,40.0,157.0,197.0,166.0
75,GEORGIA,LINCOLN,11.0,2.0,5.0,14.0,10,0,11,1,0,72,3,86,0,0,0,11,27,0,39,2,0,153,8,200,0,2,1,32,194,464,0.41810344827586204,13.0,19.0,32.0,16.0
76,GEORGIA,LUMPKIN,10.0,6.0,12.0,55.0,1,1,2,1,0,15,1,18,0,0,1,3,1,3,102,1,0,338,21,461,7,0,3,12,43,949,0.045310853530031614,16.0,67.0,83.0,61.0
77,GEORGIA,MCINTOSH,13.0,7.0,11.0,42.0,7,2,21,0,0,41,7,69,0,0,0,7,13,3,100,0,0,214,20,334,0,5,7,25,154,721,0.21359223300970873,20.0,53.0,73.0,49.0
78,GEORGIA,MURRAY,20.0,5.0,13.0,59.0,1,0,81,0,0,150,34,265,0,1,0,2,213,0,247,0,0,607,135,989,0,40,13,266,534,2510,0.21274900398406374,25.0,72.0,97.0,64.0
79,GEORGIA,OGLETHORPE,22.0,3.0,6.0,15.0,11,0,3,0,0,67,4,74,1,0,0,12,39,0,61,0,0,214,18,293,4,0,3,46,172,678,0.2536873156342183,25.0,21.0,46.0,18.0
80,GEORGIA,PEACH,32.0,15.0,21.0,71.0,57,0,21,2,0,236,11,268,0,4,10,73,105,0,195,3,0,492,48,735,0,5,18,131,682,1732,0.39376443418013857,47.0,92.0,139.0,86.0
81,GEORGIA,PICKENS,7.0,4.0,7.0,31.0,13,0,11,1,0,94,14,119,0,0,1,15,64,0,89,0,0,405,46,540,0,5,0,69,268,1218,0.2200328407224959,11.0,38.0,49.0,35.0
82,GEORGIA,RABUN,2.0,11.0,0.0,60.0,15,0,15,0,0,73,4,92,0,1,2,18,16,0,73,0,0,260,11,344,0,1,3,20,220,728,0.3021978021978022,13.0,60.0,73.0,71.0
83,GEORGIA,SCREVEN,7.0,9.0,3.0,37.0,4,1,5,0,0,4,2,11,0,0,0,4,27,1,77,1,0,143,26,246,0,1,5,34,31,561,0.05525846702317291,16.0,40.0,56.0,46.0
84,GEORGIA,TALIAFERRO,0.0,1.0,0.0,2.0,1,0,0,0,0,5,0,5,0,0,0,1,1,0,11,0,0,17,2,30,0,0,1,2,12,64,0.1875,1.0,2.0,3.0,3.0
85,GEORGIA,TROUP,35.0,24.0,10.0,183.0,75,0,54,3,0,580,24,658,0,1,33,112,159,5,528,5,0,1971,155,2654,0,16,78,258,1540,5829,0.2641962600789158,59.0,193.0,252.0,207.0
86,GEORGIA,TWIGGS,4.0,0.0,1.0,11.0,10,0,8,2,0,43,3,54,0,0,0,12,13,1,40,2,0,96,8,144,0,2,0,17,132,323,0.4086687306501548,4.0,12.0,16.0,11.0
87,GEORGIA,WALTON,23.0,36.0,2.0,204.0,74,0,35,1,0,243,28,306,0,1,12,88,159,2,429,2,0,1508,140,2077,0,14,43,218,788,4592,0.171602787456446,59.0,206.0,265.0,240.0
88,GEORGIA,WEBSTER,0.0,1.0,0.0,4.0,0,0,0,0,0,0,0,0,0,0,0,0,1,0,3,0,0,4,0,7,0,0,0,1,0,16,0.0,1.0,4.0,5.0,5.0
89,GEORGIA,WILCOX,5.0,1.0,0.0,16.0,2,0,14,0,0,9,0,23,0,0,3,5,15,0,67,0,0,70,3,140,0,1,3,19,56,318,0.1761006289308176,6.0,16.0,22.0,17.0
90,IDAHO,BANNOCK,65.0,13.0,12.0,136.0,132,5,68,3,0,565,28,661,10,0,9,154,200,9,361,3,0,1712,145,2218,20,0,18,241,1635,4927,0.33184493606657195,78.0,148.0,226.0,149.0
91,IDAHO,BLAINE,10.0,10.0,2.0,65.0,34,1,16,0,0,27,5,48,5,0,1,40,38,1,43,0,0,87,13,143,5,0,1,44,177,375,0.472,20.0,67.0,87.0,75.0
92,IDAHO,JEROME,7.0,3.0,1.0,32.0,42,1,13,0,0,59,7,79,4,0,3,49,56,3,102,0,0,203,30,335,11,0,6,73,257,819,0.3137973137973138,10.0,33.0,43.0,35.0
93,IDAHO,KOOTENAI,100.0,18.0,23.0,217.0,194,11,140,2,0,744,66,950,43,0,16,255,248,32,724,7,0,2641,203,3568,74,0,27,356,2421,7880,0.3072335025380711,118.0,240.0,358.0,235.0
94,IDAHO,MADISON,19.0,1.0,3.0,52.0,15,1,50,0,0,68,8,126,10,0,0,25,12,1,70,0,0,192,12,274,12,0,0,24,303,597,0.507537688442211,20.0,55.0,75.0,53.0
95,IDAHO,NEZ PERCE,38.0,2.0,7.0,83.0,31,0,80,0,0,145,13,238,7,0,2,40,40,2,413,0,0,979,91,1483,16,0,4,60,556,3088,0.1800518134715026,40.0,90.0,130.0,85.0
96,ILLINOIS,BOND,6.0,1.0,7.0,16.0,0,0,0,0,0,0,0,0,0,0,0,0,6,0,35,0,0,140,6,181,0,0,0,6,0,374,0.0,7.0,23.0,30.0,17.0
97,ILLINOIS,CASS,8.0,0.0,1.0,17.0,0,0,0,0,0,0,0,0,0,0,0,0,63,0,41,0,0,151,1,193,2,0,1,66,0,518,0.0,8.0,18.0,26.0,17.0
98,ILLINOIS,CLARK,2.0,2.0,0.0,24.0,0,0,0,0,0,0,0,0,0,0,0,0,11,3,16,1,0,63,5,84,0,0,2,14,0,199,0.0,4.0,24.0,28.0,26.0
99,ILLINOIS,CUMBERLAND,4.0,0.0,5.0,12.0,0,0,0,0,0,0,0,0,0,0,0,0,6,0,25,0,0,38,2,65,3,0,0,9,0,148,0.0,4.0,17.0,21.0,12.0
100,ILLINOIS,GREENE,4.0,0.0,5.0,25.0,0,0,0,0,0,0,0,0,0,0,0,0,25,2,42,0,0,81,0,123,6,0,0,31,0,310,0.0,4.0,30.0,34.0,25.0
101,ILLINOIS,GRUNDY,14.0,6.0,10.0,70.0,0,0,0,0,0,0,0,0,0,0,0,0,24,3,77,0,0,440,13,530,9,0,4,37,0,1137,0.0,20.0,80.0,100.0,76.0
102,ILLINOIS,HAMILTON,1.0,0.0,3.0,9.0,0,0,0,0,0,0,0,0,0,0,0,0,4,1,7,0,0,19,3,29,0,0,0,4,0,67,0.0,1.0,12.0,13.0,9.0
103,ILLINOIS,HENRY,34.0,4.0,22.0,72.0,0,0,0,0,0,0,0,0,0,0,0,0,39,0,105,1,0,531,14,650,15,0,4,59,0,1418,0.0,38.0,94.0,132.0,76.0
104,ILLINOIS,MASSAC,8.0,1.0,13.0,22.0,0,0,0,0,0,0,0,0,0,0,0,0,35,2,71,1,0,221,12,304,7,0,5,48,0,706,0.0,9.0,35.0,44.0,23.0
105,ILLINOIS,MONROE,14.0,4.0,11.0,38.0,0,0,0,0,0,0,0,0,0,0,0,0,7,0,36,0,0,121,6,163,1,0,0,8,0,342,0.0,18.0,49.0,67.0,42.0
106,ILLINOIS,RANDOLPH,12.0,1.0,3.0,38.0,0,0,0,0,0,0,0,0,0,0,0,0,18,0,28,1,0,76,3,107,2,0,0,21,0,256,0.0,13.0,41.0,54.0,39.0
107,ILLINOIS,RICHLAND,8.0,1.0,0.0,25.0,0,0,0,0,0,0,0,0,0,0,0,0,50,5,62,1,0,269,19,350,11,0,0,62,0,829,0.0,9.0,25.0,34.0,26.0
108,ILLINOIS,SALINE,17.0,1.0,23.0,33.0,0,0,0,0,0,0,0,0,0,0,0,0,85,2,155,1,0,285,29,469,3,0,3,92,0,1124,0.0,18.0,56.0,74.0,34.0
109,ILLINOIS,SCHUYLER,0.0,0.0,0.0,7.0,0,0,0,0,0,0,0,0,0,0,0,0,8,0,8,0,0,24,0,32,2,0,0,10,0,84,0.0,0.0,7.0,7.0,7.0
110,ILLINOIS,TAZEWELL,44.0,13.0,17.0,206.0,0,0,0,0,0,0,0,0,0,0,0,0,278,20,450,2,0,1595,38,2083,56,0,27,363,0,4912,0.0,57.0,223.0,280.0,219.0
111,ILLINOIS,WARREN,11.0,0.0,6.0,28.0,0,0,0,0,0,0,0,0,0,0,0,0,31,3,67,0,0,193,13,273,10,0,3,44,0,637,0.0,11.0,34.0,45.0,28.0
112,INDIANA,ADAMS,7.0,1.0,9.0,34.0,2,0,5,0,0,21,0,26,0,0,0,2,2,0,31,0,0,148,9,188,1,3,1,7,56,390,0.14358974358974358,8.0,43.0,51.0,35.0
113,INDIANA,BENTON,7.0,0.0,3.0,8.0,0,0,0,0,0,0,0,0,0,0,0,0,0,0,0,0,0,2,0,2,2,0,0,2,0,8,0.0,7.0,11.0,18.0,8.0
114,INDIANA,DUBOIS,3.0,0.0,19.0,43.0,48,0,9,0,0,80,2,91,0,1,0,49,75,0,42,0,0,242,14,298,1,1,0,77,280,750,0.37333333333333335,3.0,62.0,65.0,43.0
115,INDIANA,GIBSON,14.0,1.0,15.0,34.0,8,1,9,0,0,9,7,25,0,1,0,9,15,1,25,0,0,111,27,163,0,3,0,18,69,363,0.19008264462809918,15.0,49.0,64.0,35.0
116,INDIANA,GREENE,14.0,2.0,17.0,30.0,1,0,2,0,0,40,4,46,0,0,1,2,6,2,68,0,0,335,36,439,5,0,1,12,96,904,0.10619469026548672,16.0,47.0,63.0,32.0
117,INDIANA,HAMILTON,77.0,26.0,52.0,338.0,21,0,18,1,0,411,24,453,2,0,8,32,32,3,127,1,0,1938,96,2161,20,0,22,75,970,4475,0.21675977653631284,103.0,390.0,493.0,364.0
118,INDIANA,HARRISON,21.0,1.0,16.0,27.0,1,0,3,0,0,1,0,4,0,0,0,1,3,0,4,0,0,11,2,17,0,0,0,3,10,40,0.25,22.0,43.0,65.0,28.0
119,INDIANA,HENDRICKS,31.0,10.0,43.0,158.0,157,2,40,2,0,612,38,690,3,0,15,177,192,3,211,2,0,1772,146,2129,3,3,31,231,1736,4723,0.3675629896252382,41.0,201.0,242.0,168.0
120,INDIANA,JAY,4.0,0.0,32.0,29.0,7,0,2,0,0,26,7,35,0,1,0,8,13,0,8,0,0,122,12,142,5,1,0,19,86,322,0.2670807453416149,4.0,61.0,65.0,29.0
121,INDIANA,JENNINGS,3.0,0.0,3.0,31.0,34,0,39,0,0,174,3,216,0,1,1,36,49,0,191,0,0,332,14,537,3,3,1,56,504,1186,0.42495784148397975,3.0,34.0,37.0,31.0
122,INDIANA,JOHNSON,22.0,25.0,8.0,215.0,303,0,30,3,0,686,34,750,1,0,6,313,410,3,432,3,0,3610,231,4273,5,0,45,463,2126,9475,0.22437994722955146,47.0,223.0,270.0,240.0
123,INDIANA,MONROE,44.0,21.0,16.0,153.0,210,5,97,2,0,401,61,559,22,0,42,276,328,19,756,2,0,2894,237,3887,69,0,80,479,1675,8751,0.19140669637755686,65.0,169.0,234.0,174.0
124,INDIANA,ORANGE,8.0,1.0,7.0,7.0,3,0,1,0,0,1,0,2,1,0,0,4,4,0,2,1,0,9,0,11,9,0,0,14,12,50,0.24,9.0,14.0,23.0,8.0
125,INDIANA,RANDOLPH,6.0,2.0,12.0,37.0,14,0,14,0,0,14,1,29,0,0,0,14,15,0,46,0,0,179,9,234,0,0,0,15,86,498,0.17269076305220885,8.0,49.0,57.0,39.0
126,INDIANA,SCOTT,9.0,0.0,6.0,25.0,6,0,5,0,0,71,0,76,0,0,2,8,20,1,86,1,0,308,15,409,1,0,6,28,168,875,0.192,9.0,31.0,40.0,25.0
127,INDIANA,STARKE,7.0,0.0,4.0,22.0,0,0,1,0,0,2,1,4,0,0,1,1,2,0,4,0,0,5,3,12,0,0,1,3,10,30,0.3333333333333333,7.0,26.0,33.0,22.0
128,INDIANA,TIPPECANOE,84.0,23.0,74.0,242.0,212,5,167,2,0,790,43,1000,28,9,64,315,292,16,881,2,0,3189,251,4321,40,18,127,479,2635,9616,0.274022462562396,107.0,316.0,423.0,265.0
129,INDIANA,TIPTON,8.0,0.0,15.0,25.0,5,1,6,0,0,18,3,27,0,0,0,5,14,1,55,0,0,96,12,163,0,1,1,16,65,359,0.181058495821727,8.0,40.0,48.0,25.0
130,INDIANA,VERMILLION,8.0,0.0,8.0,15.0,10,0,8,0,0,10,1,19,0,0,0,10,15,0,16,0,0,142,4,162,0,0,0,15,58,354,0.1638418079096045,8.0,23.0,31.0,15.0
131,INDIANA,VIGO,24.0,11.0,9.0,175.0,41,10,78,4,0,295,50,423,5,0,28,78,63,85,908,5,0,2786,462,4156,34,4,107,213,1012,8823,0.1147002153462541,35.0,184.0,219.0,186.0
132,IOWA,AUDUBON,4.0,1.0,0.0,9.0,2,0,1,0,0,7,0,8,0,0,1,3,3,0,4,0,0,50,1,55,0,0,1,4,22,118,0.1864406779661017,5.0,9.0,14.0,10.0
133,IOWA,BENTON,11.0,0.0,9.0,25.0,7,0,2,1,0,4,0,6,0,0,0,8,17,0,30,0,0,32,4,66,2,0,0,19,28,170,0.16470588235294117,11.0,34.0,45.0,25.0
134,IOWA,BOONE,10.0,0.0,9.0,32.0,44,0,6,0,0,24,7,37,2,0,1,47,62,3,71,0,0,131,13,215,1,0,2,65,168,563,0.2984014209591474,10.0,41.0,51.0,32.0
135,IOWA,CALHOUN,4.0,0.0,1.0,6.0,4,0,3,0,0,2,1,6,0,0,0,4,5,0,35,0,0,34,9,78,0,0,0,5,20,166,0.12048192771084337,4.0,7.0,11.0,6.0
136,IOWA,CERRO GORDO,39.0,6.0,25.0,76.0,47,1,36,3,0,325,11,372,0,0,2,52,53,2,360,3,0,1019,32,1411,3,0,6,65,849,2954,0.2874069058903182,45.0,101.0,146.0,82.0
137,IOWA,DAVIS,1.0,0.0,1.0,11.0,3,0,3,0,0,4,0,7,0,0,0,3,4,0,3,0,0,6,1,10,0,0,0,4,20,28,0.7142857142857143,1.0,12.0,13.0,11.0
138,IOWA,DELAWARE,9.0,1.0,4.0,22.0,21,0,15,0,0,61,3,79,1,0,1,23,21,0,61,1,0,115,7,183,1,0,1,24,204,414,0.4927536231884058,10.0,26.0,36.0,23.0
139,IOWA,FRANKLIN,3.0,0.0,1.0,14.0,2,0,3,0,0,4,1,8,3,0,0,5,3,0,3,0,0,8,3,14,2,0,1,6,26,40,0.65,3.0,15.0,18.0,14.0
140,IOWA,GUTHRIE,4.0,0.0,1.0,9.0,0,0,1,0,0,0,0,1,0,0,0,0,0,0,10,0,0,23,2,35,0,0,0,0,2,70,0.02857142857142857,4.0,10.0,14.0,9.0
141,IOWA,HAMILTON,16.0,1.0,5.0,21.0,23,0,7,0,0,32,0,39,3,0,0,26,23,0,26,0,0,110,10,146,3,0,0,26,130,344,0.37790697674418605,17.0,26.0,43.0,22.0
142,IOWA,HANCOCK,0.0,3.0,0.0,8.0,6,0,6,0,0,2,1,9,0,0,0,6,14,0,37,0,0,13,4,54,5,0,0,19,30,146,0.2054794520547945,3.0,8.0,11.0,11.0
143,IOWA,JEFFERSON,9.0,10.0,0.0,31.0,11,0,17,1,0,58,6,81,0,0,0,12,15,3,126,1,0,223,26,375,3,0,0,19,186,791,0.23514538558786346,19.0,31.0,50.0,41.0
144,IOWA,KEOKUK,3.0,1.0,2.0,8.0,8,0,0,0,0,2,1,3,0,0,0,8,12,1,32,0,0,22,2,56,1,0,0,13,22,139,0.15827338129496402,4.0,10.0,14.0,9.0
145,IOWA,LINN,124.0,47.0,21.0,354.0,159,10,131,2,0,1057,52,1240,5,0,26,192,293,28,1652,5,0,4434,443,6529,97,0,112,507,2874,14100,0.20382978723404255,171.0,375.0,546.0,401.0
146,IOWA,MADISON,7.0,0.0,1.0,16.0,13,0,5,0,0,13,1,19,0,0,0,13,16,0,44,0,0,92,7,143,1,0,0,17,64,320,0.2,7.0,17.0,24.0,16.0
147,IOWA,MONROE,7.0,0.0,3.0,11.0,1,0,0,0,0,1,3,4,0,0,0,1,6,0,45,0,0,44,10,99,3,0,0,9,10,216,0.046296296296296294,7.0,14.0,21.0,11.0
148,IOWA,OSCEOLA,4.0,0.0,0.0,9.0,0,0,0,0,0,1,0,1,0,0,0,0,4,1,18,0,0,37,3,58,2,0,1,7,2,131,0.015267175572519083,4.0,9.0,13.0,9.0
149,IOWA,UNION,6.0,1.0,4.0,16.0,16,0,1,0,0,21,5,27,0,0,1,17,31,0,27,0,0,164,15,206,0,0,2,33,88,478,0.18410041841004185,7.0,20.0,27.0,17.0
150,IOWA,WAPELLO,23.0,2.0,18.0,48.0,64,7,40,2,0,225,19,284,7,0,5,78,96,12,287,2,0,825,109,1221,20,0,8,126,731,2706,0.27014042867701404,25.0,66.0,91.0,50.0
151,IOWA,WEBSTER,9.0,5.0,13.0,51.0,59,1,19,0,0,317,14,350,2,0,11,72,117,8,136,2,0,910,59,1105,20,0,24,163,845,2544,0.3321540880503145,14.0,64.0,78.0,56.0
152,IOWA,WINNEBAGO,1.0,0.0,3.0,14.0,4,0,3,0,0,5,1,9,0,0,0,4,4,0,12,0,0,14,1,27,2,0,0,6,26,66,0.3939393939393939,1.0,17.0,18.0,14.0
153,IOWA,WINNESHIEK,17.0,2.0,4.0,21.0,8,0,0,1,0,30,4,34,1,0,0,10,12,0,6,1,0,96,8,110,3,0,0,16,88,252,0.3492063492063492,19.0,25.0,44.0,23.0
154,KANSAS,ANDERSON,0.0,0.0,0.0,17.0,4,0,1,0,0,13,1,15,2,0,0,6,8,1,28,0,0,67,4,99,3,0,1,12,42,223,0.18834080717488788,0.0,17.0,17.0,17.0
155,KANSAS,CHEROKEE,14.0,2.0,21.0,42.0,25,0,8,0,0,13,1,22,2,0,0,27,55,7,123,0,0,242,34,399,4,0,5,64,98,933,0.10503751339764202,16.0,63.0,79.0,44.0
156,KANSAS,COWLEY,10.0,8.0,22.0,66.0,55,4,23,0,0,145,16,184,6,0,3,64,100,5,216,0,0,776,75,1067,23,0,4,127,500,2393,0.20894274968658588,18.0,88.0,106.0,74.0
157,KANSAS,ELLSWORTH,5.0,0.0,6.0,17.0,2,0,0,0,0,3,1,4,0,0,0,2,3,0,19,0,0,34,6,59,2,0,0,5,12,128,0.09375,5.0,23.0,28.0,17.0
158,KANSAS,HARPER,3.0,1.0,4.0,15.0,10,0,5,0,0,8,1,14,1,0,0,11,11,1,50,0,0,73,3,126,4,0,0,15,50,283,0.17667844522968199,4.0,19.0,23.0,16.0
159,KANSAS,HASKELL,3.0,0.0,1.0,9.0,2,0,0,0,0,1,0,1,0,0,0,2,2,0,3,0,0,20,3,26,1,0,0,3,6,58,0.10344827586206896,3.0,10.0,13.0,9.0
160,KANSAS,JACKSON,14.0,2.0,2.0,38.0,10,1,4,3,0,7,6,17,3,0,0,16,15,2,44,0,0,111,17,172,5,0,0,20,67,386,0.17357512953367876,16.0,40.0,56.0,40.0
161,KANSAS,JOHNSON,273.0,166.0,72.0,1130.0,354,7,93,5,0,1862,120,2075,91,0,40,490,648,38,1061,6,0,7103,958,9122,216,0,123,993,5137,20268,0.2534537201499901,439.0,1202.0,1641.0,1296.0
162,KANSAS,KINGMAN,12.0,2.0,1.0,14.0,5,0,4,0,0,5,1,10,0,0,1,6,9,1,49,0,0,99,6,154,3,0,1,13,32,335,0.0955223880597015,14.0,15.0,29.0,16.0
163,KANSAS,PAWNEE,0.0,1.0,1.0,19.0,8,0,0,0,0,14,1,15,3,0,1,12,16,5,53,0,0,64,7,124,3,0,1,20,54,293,0.18430034129692832,1.0,20.0,21.0,20.0
164,KANSAS,RAWLINS,4.0,2.0,1.0,3.0,0,0,0,0,0,2,0,2,3,0,0,3,3,0,3,0,0,35,2,40,2,0,0,5,10,90,0.1111111111111111,6.0,4.0,10.0,5.0
165,KANSAS,REPUBLIC,1.0,0.0,0.0,14.0,3,1,2,0,0,3,1,6,2,0,0,5,3,2,10,0,0,31,2,43,2,0,0,5,23,98,0.23469387755102042,1.0,14.0,15.0,14.0
166,KANSAS,TREGO,1.0,1.0,1.0,8.0,3,1,0,0,0,2,1,3,0,0,0,3,10,1,11,0,0,20,2,33,0,0,0,10,13,87,0.14942528735632185,2.0,9.0,11.0,9.0
167,KANSAS,WASHINGTON,0.0,0.0,0.0,7.0,1,0,2,0,0,4,1,7,0,0,0,1,4,0,8,0,0,12,4,24,0,0,0,4,16,56,0.2857142857142857,0.0,7.0,7.0,7.0
168,KENTUCKY,ADAIR,2.0,0.0,9.0,19.0,20,0,25,11,0,19,3,47,37,0,0,68,19,10,65,9,0,64,17,146,47,0,1,76,230,454,0.5066079295154186,2.0,28.0,30.0,19.0
169,KENTUCKY,BALLARD,2.0,0.0,1.0,13.0,2,1,4,0,0,3,2,9,0,0,0,2,3,1,26,0,0,26,5,57,1,0,1,5,23,125,0.184,2.0,14.0,16.0,13.0
170,KENTUCKY,BATH,2.0,0.0,0.0,9.0,0,0,0,0,0,2,0,2,0,0,0,0,0,0,16,0,0,24,3,43,1,0,1,2,4,90,0.044444444444444446,2.0,9.0,11.0,9.0
171,KENTUCKY,BOYD,3.0,2.0,5.0,88.0,30,2,45,5,0,335,24,404,26,0,7,68,43,11,237,4,0,913,70,1220,40,0,16,103,946,2657,0.35604064734663154,5.0,93.0,98.0,90.0
172,KENTUCKY,CASEY,1.0,0.0,1.0,10.0,1,0,4,0,0,1,1,6,0,0,0,1,1,0,25,0,0,17,11,53,0,0,0,1,14,108,0.12962962962962962,1.0,11.0,12.0,10.0
173,KENTUCKY,ELLIOTT,0.0,0.0,0.0,1.0,0,0,0,0,0,0,0,0,0,0,0,0,0,0,0,0,0,0,0,0,0,0,0,0,0,0,,0.0,1.0,1.0,1.0
174,KENTUCKY,GALLATIN,0.0,0.0,0.0,5.0,3,0,2,0,0,3,1,6,0,0,0,3,3,1,21,0,0,39,5,65,0,0,0,3,18,137,0.13138686131386862,0.0,5.0,5.0,5.0
175,KENTUCKY,KNOX,0.0,2.0,1.0,16.0,8,1,13,0,0,9,5,27,0,0,2,10,9,1,64,0,0,77,36,177,1,0,5,15,75,385,0.19480519480519481,2.0,17.0,19.0,18.0
176,KENTUCKY,LARUE,1.0,0.0,0.0,12.0,2,0,1,0,0,2,1,4,0,0,0,2,4,1,12,0,0,29,10,51,0,0,0,4,12,111,0.10810810810810811,1.0,12.0,13.0,12.0
177,KENTUCKY,LEE,1.0,0.0,0.0,6.0,0,0,1,0,0,1,0,2,0,0,0,0,0,0,6,0,0,2,6,14,0,0,0,0,4,28,0.14285714285714285,1.0,6.0,7.0,6.0
178,KENTUCKY,LOGAN,1.0,3.0,2.0,38.0,12,0,27,0,0,39,5,71,5,0,4,21,26,3,124,2,0,257,21,402,6,0,10,44,184,895,0.20558659217877095,4.0,40.0,44.0,41.0
179,KENTUCKY,MCLEAN,0.0,0.0,13.0,8.0,2,0,6,0,0,7,2,15,0,0,0,2,4,0,20,0,0,22,6,48,0,0,0,4,34,104,0.3269230769230769,0.0,21.0,21.0,8.0
180,KENTUCKY,MEADE,3.0,0.0,7.0,19.0,3,0,6,0,0,12,1,19,0,0,0,3,11,0,70,0,0,60,23,153,0,0,1,12,44,330,0.13333333333333333,3.0,26.0,29.0,19.0
181,KENTUCKY,MUHLENBERG,2.0,0.0,0.0,37.0,9,0,12,1,0,56,4,72,0,0,0,10,12,0,35,1,0,127,12,174,1,0,2,16,164,380,0.43157894736842106,2.0,37.0,39.0,37.0
182,KENTUCKY,OWEN,2.0,1.0,4.0,7.0,0,0,3,0,0,3,0,6,0,0,0,0,0,0,24,0,0,26,2,52,0,0,0,0,12,104,0.11538461538461539,3.0,11.0,14.0,8.0
183,KENTUCKY,ROWAN,14.0,0.0,5.0,42.0,18,4,34,6,0,86,13,133,30,0,3,57,28,13,153,8,0,305,26,484,47,0,7,90,384,1161,0.330749354005168,14.0,47.0,61.0,42.0
184,KENTUCKY,RUSSELL,1.0,2.0,2.0,20.0,3,0,6,0,0,19,1,26,2,0,0,5,6,0,28,0,0,68,9,105,2,0,0,8,62,226,0.2743362831858407,3.0,22.0,25.0,22.0
185,KENTUCKY,WOODFORD,3.0,4.0,1.0,40.0,4,0,6,0,0,28,0,34,4,0,0,8,7,0,110,0,0,301,17,428,4,0,4,15,84,886,0.09480812641083522,7.0,41.0,48.0,44.0
186,MAINE,KENNEBEC,90.0,28.0,72.0,440.0,61,2,66,2,0,643,29,738,19,0,17,99,84,4,334,4,0,1568,65,1967,45,0,27,160,1676,4258,0.3936120244246125,118.0,512.0,630.0,468.0
187,MAINE,LINCOLN,6.0,0.0,0.0,45.0,19,0,22,0,0,96,8,126,5,0,1,25,28,0,87,0,0,303,22,412,17,0,2,47,302,918,0.3289760348583878,6.0,45.0,51.0,45.0
188,MAINE,SOMERSET,4.0,4.0,0.0,46.0,22,0,33,2,0,189,12,234,4,0,3,31,25,1,163,2,0,682,30,875,25,0,10,62,530,1875,0.2826666666666667,8.0,46.0,54.0,50.0
189,MARYLAND,CALVERT,25.0,6.0,8.0,146.0,80,12,66,1,0,300,18,384,7,0,10,98,110,18,238,1,0,905,41,1184,14,0,15,140,976,2666,0.36609152288072017,31.0,154.0,185.0,152.0
190,MARYLAND,DORCHESTER,12.0,6.0,2.0,119.0,76,3,49,4,0,175,14,238,9,0,12,101,108,6,214,4,0,695,41,950,12,0,30,154,681,2214,0.3075880758807588,18.0,121.0,139.0,125.0
191,MARYLAND,FREDERICK,74.0,44.0,42.0,364.0,380,11,144,4,0,796,41,981,27,0,71,482,453,23,465,2,0,2585,118,3168,39,0,115,609,2937,7577,0.3876204302494391,118.0,406.0,524.0,408.0
192,MARYLAND,HARFORD,98.0,38.0,39.0,411.0,305,10,116,9,0,905,17,1038,28,0,67,409,380,33,569,9,0,2813,90,3472,42,0,121,552,2904,8081,0.35936146516520234,136.0,450.0,586.0,449.0
193,MARYLAND,PRINCE GEORGE'S,283.0,329.0,146.0,2031.0,745,6,276,39,0,1711,148,2135,122,0,234,1140,1607,40,2950,88,0,14362,3372,20684,277,0,1530,3502,6556,48412,0.13542097000743616,612.0,2177.0,2789.0,2360.0
194,MARYLAND,TALBOT,21.0,23.0,11.0,138.0,32,0,34,0,0,121,4,159,11,0,5,48,48,3,150,0,0,544,14,708,18,0,16,82,414,1583,0.2615287428932407,44.0,149.0,193.0,161.0
195,MARYLAND,WORCESTER,53.0,17.0,15.0,215.0,63,1,71,3,0,426,10,507,11,0,11,88,93,3,289,3,0,1512,32,1833,17,0,39,152,1191,3973,0.2997734709287692,70.0,230.0,300.0,232.0
196,MASSACHUSETTS,BARNSTABLE,79.0,51.0,24.0,494.0,518,4,141,2,0,491,52,684,27,0,18,565,673,13,852,1,0,2347,135,3334,74,0,35,783,2502,8247,0.30338304838122954,130.0,518.0,648.0,545.0
197,MASSACHUSETTS,BERKSHIRE,22.0,18.0,14.0,220.0,276,1,83,1,0,301,10,394,27,0,15,319,484,13,648,3,0,1423,68,2139,80,0,50,617,1427,5525,0.25828054298642533,40.0,234.0,274.0,238.0
198,MASSACHUSETTS,NANTUCKET,13.0,5.0,4.0,29.0,2,0,9,0,0,1,0,10,0,0,0,2,20,0,51,0,0,249,9,309,4,0,2,26,24,670,0.03582089552238806,18.0,33.0,51.0,34.0
199,MICHIGAN,ALGER,5.0,1.0,4.0,13.0,9,1,3,0,0,19,2,24,3,0,0,12,10,1,10,0,0,48,3,61,5,0,0,15,73,153,0.477124183006536,6.0,17.0,23.0,14.0
200,MICHIGAN,CHEBOYGAN,9.0,1.0,9.0,41.0,13,2,11,0,0,91,3,105,12,0,0,25,14,2,54,0,0,293,6,353,22,0,1,37,262,782,0.3350383631713555,10.0,50.0,60.0,42.0
201,MICHIGAN,CLARE,5.0,1.0,5.0,29.0,60,5,21,1,0,90,11,122,18,0,1,80,79,10,114,1,0,348,21,483,33,0,2,115,409,1206,0.33913764510779437,6.0,34.0,40.0,30.0
202,MICHIGAN,CRAWFORD,13.0,1.0,7.0,28.0,19,0,8,0,0,21,1,30,7,0,0,26,21,3,58,0,0,143,9,210,16,0,0,37,112,497,0.22535211267605634,14.0,35.0,49.0,29.0
203,MICHIGAN,GLADWIN,10.0,0.0,15.0,23.0,33,0,10,0,0,43,8,61,8,0,0,41,37,0,81,0,0,128,12,221,19,0,1,57,204,556,0.3669064748201439,10.0,38.0,48.0,23.0
204,MICHIGAN,GRATIOT,6.0,3.0,11.0,45.0,21,3,5,1,0,26,3,34,8,0,0,30,43,5,72,1,0,443,20,535,32,0,2,78,131,1231,0.10641754670999187,9.0,56.0,65.0,48.0
205,MICHIGAN,IONIA,13.0,6.0,21.0,52.0,38,2,14,0,0,91,6,111,35,0,0,73,73,6,126,2,0,468,24,618,86,0,1,162,370,1566,0.23627075351213284,19.0,73.0,92.0,58.0
206,MICHIGAN,KENT,202.0,100.0,264.0,769.0,634,16,185,10,0,2406,113,2704,111,0,85,840,1533,103,1981,17,0,9138,775,11894,416,0,479,2445,7104,28781,0.24682950557659566,302.0,1033.0,1335.0,869.0
207,MICHIGAN,LEELANAU,19.0,2.0,15.0,28.0,12,1,2,0,0,5,1,8,0,0,1,13,13,1,25,0,0,60,6,91,4,0,2,19,43,221,0.19457013574660634,21.0,43.0,64.0,30.0
208,MICHIGAN,MARQUETTE,37.0,11.0,51.0,145.0,76,2,31,2,0,197,16,244,24,0,4,106,97,3,101,3,0,799,35,935,47,0,9,156,702,2185,0.32128146453089246,48.0,196.0,244.0,156.0
209,MICHIGAN,MISSAUKEE,10.0,0.0,3.0,14.0,11,0,9,0,0,36,1,46,6,0,0,17,19,0,33,1,0,116,4,153,11,0,1,32,126,370,0.34054054054054056,10.0,17.0,27.0,14.0
210,MICHIGAN,OCEANA,9.0,3.0,7.0,65.0,66,1,27,1,0,63,5,95,25,0,1,93,104,5,172,1,0,497,22,691,58,0,5,168,377,1723,0.2188044109112014,12.0,72.0,84.0,68.0
211,MICHIGAN,ONTONAGON,0.0,1.0,0.0,5.0,2,0,1,0,0,3,2,6,0,0,0,2,15,0,14,0,0,17,6,37,4,0,0,19,16,112,0.14285714285714285,1.0,5.0,6.0,6.0
212,MICHIGAN,SAGINAW,86.0,26.0,47.0,215.0,316,4,72,4,0,491,24,587,36,0,29,385,906,40,842,19,0,2312,151,3305,127,0,108,1160,1948,8970,0.21716833890746934,112.0,262.0,374.0,241.0
213,MICHIGAN,SHIAWASSEE,18.0,1.0,13.0,59.0,71,2,28,0,0,141,10,179,15,0,5,91,115,15,202,0,0,622,36,860,68,0,12,195,542,2125,0.2550588235294118,19.0,72.0,91.0,60.0
214,MINNESOTA,CARLTON,18.0,6.0,15.0,42.0,29,3,13,1,0,209,7,229,1,0,2,33,43,5,110,1,0,728,41,879,17,0,5,66,527,1895,0.27810026385224274,24.0,57.0,81.0,48.0
215,MINNESOTA,CHIPPEWA,3.0,2.0,8.0,18.0,1,0,9,0,0,48,5,62,1,0,0,2,2,0,28,0,0,106,10,144,1,0,0,3,128,294,0.43537414965986393,5.0,26.0,31.0,20.0
216,MINNESOTA,DAKOTA,95.0,75.0,69.0,445.0,314,5,150,2,0,2307,99,2556,84,0,62,462,381,25,1026,3,0,6660,447,8133,161,0,136,681,6041,17653,0.3422081232651674,170.0,514.0,684.0,520.0
217,MINNESOTA,FREEBORN,25.0,4.0,27.0,46.0,14,2,12,1,0,101,12,125,2,0,2,19,15,2,54,1,0,333,23,410,2,0,4,22,290,866,0.3348729792147806,29.0,73.0,102.0,50.0
218,MINNESOTA,HENNEPIN,552.0,345.0,418.0,2049.0,1302,23,727,23,0,6501,299,7527,193,0,463,1981,2852,145,5395,40,0,26605,2878,34878,709,0,2209,5810,19039,81521,0.2335471841611364,897.0,2467.0,3364.0,2394.0
219,MINNESOTA,LAC QUI PARLE,4.0,0.0,1.0,10.0,0,0,0,0,0,9,0,9,0,0,0,0,0,1,15,0,0,31,0,46,1,0,0,1,18,95,0.18947368421052632,4.0,11.0,15.0,10.0
220,MINNESOTA,MARTIN,14.0,3.0,8.0,27.0,5,0,9,0,0,54,4,67,7,0,2,14,6,0,42,0,0,169,10,221,12,0,3,21,162,484,0.3347107438016529,17.0,35.0,52.0,30.0
221,MINNESOTA,MEEKER,18.0,1.0,8.0,30.0,7,0,6,1,0,30,3,39,6,0,0,14,8,1,37,1,0,168,21,226,15,0,0,24,106,501,0.21157684630738524,19.0,38.0,57.0,31.0
222,MINNESOTA,MILLE LACS,26.0,7.0,32.0,76.0,18,0,92,2,0,394,60,546,8,0,5,33,23,2,133,2,0,592,73,798,8,0,8,41,1158,1680,0.6892857142857143,33.0,108.0,141.0,83.0
223,MINNESOTA,NICOLLET,19.0,2.0,14.0,39.0,13,2,37,0,0,155,5,197,1,0,1,15,15,4,71,0,0,286,11,368,3,0,2,20,426,780,0.5461538461538461,21.0,53.0,74.0,41.0
224,MINNESOTA,OTTER TAIL,30.0,2.0,22.0,56.0,33,5,62,1,0,252,18,332,6,0,1,41,35,5,262,1,0,580,27,869,9,0,1,46,751,1835,0.4092643051771117,32.0,78.0,110.0,58.0
225,MINNESOTA,PENNINGTON,12.0,4.0,13.0,48.0,6,0,2,0,0,33,1,36,0,0,0,6,7,0,17,0,0,93,8,118,1,0,0,8,84,252,0.3333333333333333,16.0,61.0,77.0,52.0
226,MINNESOTA,PIPESTONE,5.0,0.0,5.0,14.0,2,0,1,0,0,8,0,9,0,0,0,2,3,0,12,0,0,47,1,60,0,0,0,3,22,126,0.1746031746031746,5.0,19.0,24.0,14.0
227,MINNESOTA,POPE,6.0,2.0,2.0,15.0,4,0,3,0,0,13,0,16,0,0,0,4,5,0,10,0,0,44,5,59,0,0,0,5,40,128,0.3125,8.0,17.0,25.0,17.0
228,MINNESOTA,RAMSEY,338.0,208.0,442.0,1400.0,424,6,275,15,0,2816,213,3304,57,0,112,608,1213,129,3129,19,0,11003,2284,16416,257,0,818,2307,7830,37575,0.20838323353293414,546.0,1842.0,2388.0,1608.0
229,MINNESOTA,RICE,23.0,8.0,16.0,81.0,37,0,23,2,0,179,13,215,7,0,4,50,63,5,126,2,0,724,73,923,26,0,11,102,530,2055,0.25790754257907544,31.0,97.0,128.0,89.0
230,MINNESOTA,STEVENS,9.0,3.0,3.0,16.0,4,0,6,0,0,33,4,43,6,0,0,10,6,0,32,0,0,88,5,125,10,0,0,16,106,282,0.375886524822695,12.0,19.0,31.0,19.0
231,MINNESOTA,SWIFT,8.0,1.0,2.0,17.0,8,0,2,0,0,4,0,6,0,0,0,8,8,0,13,0,0,24,2,39,0,0,0,8,28,94,0.2978723404255319,9.0,19.0,28.0,18.0
232,MINNESOTA,WASECA,6.0,4.0,11.0,29.0,9,0,8,0,0,59,3,70,7,0,0,16,10,0,41,0,0,191,16,248,9,0,0,19,172,534,0.32209737827715357,10.0,40.0,50.0,33.0
233,MISSISSIPPI,ATTALA,4.0,1.0,5.0,26.0,0,0,0,0,0,0,0,0,0,0,0,0,0,0,0,0,0,0,0,0,0,0,0,0,0,0,,5.0,31.0,36.0,27.0
234,MISSISSIPPI,CHOCTAW,3.0,1.0,3.0,12.0,1,1,5,0,0,5,0,10,0,0,0,1,6,1,35,0,0,57,1,93,0,0,0,6,23,199,0.11557788944723618,4.0,15.0,19.0,13.0
235,MISSISSIPPI,COPIAH,11.0,2.0,9.0,36.0,0,0,0,0,0,0,0,0,0,0,0,0,0,0,0,0,0,0,0,0,0,0,0,0,0,0,,13.0,45.0,58.0,38.0
236,MISSISSIPPI,COVINGTON,7.0,0.0,2.0,21.0,0,0,0,0,0,0,0,0,0,0,0,0,0,0,0,0,0,0,0,0,0,0,0,0,0,0,,7.0,23.0,30.0,21.0
237,MISSISSIPPI,HANCOCK,25.0,10.0,37.0,104.0,42,0,25,1,0,133,8,166,0,1,4,48,52,2,180,3,0,634,74,888,0,1,3,59,428,1896,0.22573839662447256,35.0,141.0,176.0,114.0
238,MISSISSIPPI,HOLMES,11.0,1.0,6.0,31.0,0,0,0,0,0,0,0,0,0,0,0,0,0,0,0,0,0,0,0,0,0,0,0,0,0,0,,12.0,37.0,49.0,32.0
239,MISSISSIPPI,ISSAQUENA,2.0,0.0,0.0,4.0,0,0,0,0,0,0,0,0,0,0,0,0,0,0,0,0,0,0,0,0,0,0,0,0,0,0,,2.0,4.0,6.0,4.0
240,MISSISSIPPI,JASPER,6.0,0.0,4.0,16.0,0,0,0,0,0,0,0,0,0,0,0,0,0,0,0,0,0,0,0,0,0,0,0,0,0,0,,6.0,20.0,26.0,16.0
241,MISSISSIPPI,KEMPER,1.0,1.0,6.0,17.0,3,0,0,0,0,3,0,3,0,0,2,5,7,1,31,0,0,26,1,58,0,0,3,10,16,137,0.11678832116788321,2.0,23.0,25.0,18.0
242,MISSISSIPPI,LAMAR,22.0,1.0,19.0,45.0,6,0,18,1,0,15,0,33,0,0,1,8,79,0,270,1,0,415,7,692,0,7,9,96,82,1576,0.05203045685279188,23.0,64.0,87.0,46.0
243,MISSISSIPPI,LOWNDES,36.0,3.0,24.0,96.0,4,0,7,1,0,6,5,18,0,1,1,7,43,10,224,1,0,309,30,563,0,16,15,75,50,1286,0.038880248833592534,39.0,120.0,159.0,99.0
244,MISSISSIPPI,MADISON,37.0,12.0,53.0,183.0,41,0,36,1,0,571,9,616,3,0,23,68,56,5,172,1,0,971,61,1204,6,5,53,121,1368,2655,0.5152542372881356,49.0,236.0,285.0,195.0
245,MISSISSIPPI,PRENTISS,8.0,3.0,7.0,38.0,0,0,0,0,0,0,0,0,0,0,0,0,1,0,0,0,0,29,0,29,0,0,0,1,0,60,0.0,11.0,45.0,56.0,41.0
246,MISSISSIPPI,SHARKEY,3.0,0.0,1.0,11.0,0,0,0,0,0,0,0,0,0,0,0,0,0,0,0,0,0,0,0,0,0,0,0,0,0,0,,3.0,12.0,15.0,11.0
247,MISSISSIPPI,SIMPSON,20.0,1.0,9.0,33.0,0,0,0,0,0,0,0,0,0,0,0,0,0,0,4,0,0,8,1,13,0,0,1,1,0,28,0.0,21.0,42.0,63.0,34.0
248,MISSISSIPPI,SMITH,3.0,0.0,2.0,7.0,0,0,0,0,0,0,0,0,0,0,0,0,0,0,0,0,0,0,0,0,0,0,0,0,0,0,,3.0,9.0,12.0,7.0
249,MISSISSIPPI,TATE,9.0,4.0,7.0,28.0,0,0,0,0,0,0,0,0,0,0,0,0,0,0,0,0,0,0,0,0,0,0,0,0,0,0,,13.0,35.0,48.0,32.0
250,MISSISSIPPI,TISHOMINGO,5.0,2.0,15.0,19.0,2,0,3,0,0,29,3,35,0,2,0,4,4,0,19,0,0,61,6,86,0,2,0,6,78,184,0.42391304347826086,7.0,34.0,41.0,21.0
251,MISSISSIPPI,WASHINGTON,43.0,22.0,14.0,145.0,6,0,5,0,0,9,1,15,0,0,1,7,19,56,1018,7,0,1184,90,2292,3,16,63,108,44,4856,0.009060955518945634,65.0,159.0,224.0,167.0
252,MISSOURI,BENTON,1.0,1.0,7.0,29.0,61,0,20,1,0,55,4,79,1,0,0,63,84,0,124,1,0,232,27,383,4,0,4,93,284,952,0.29831932773109243,2.0,36.0,38.0,30.0
253,MISSOURI,CALLAWAY,10.0,6.0,0.0,53.0,94,0,35,2,0,177,19,231,10,0,5,111,137,4,256,3,0,678,62,996,19,0,19,178,684,2352,0.29081632653061223,16.0,53.0,69.0,59.0
254,MISSOURI,CHARITON,5.0,1.0,2.0,12.0,13,0,7,0,0,9,2,18,0,0,0,13,15,1,26,0,0,53,5,84,0,0,0,15,62,199,0.31155778894472363,6.0,14.0,20.0,13.0
255,MISSOURI,CLARK,6.0,0.0,1.0,7.0,7,2,2,0,0,15,1,18,0,0,0,7,11,2,6,0,0,41,5,52,1,0,1,13,52,132,0.3939393939393939,6.0,8.0,14.0,7.0
256,MISSOURI,DENT,8.0,0.0,4.0,24.0,3,0,5,0,0,55,4,64,1,0,0,4,10,0,45,2,0,177,15,237,3,0,2,17,136,508,0.2677165354330709,8.0,28.0,36.0,24.0
257,MISSOURI,DUNKLIN,10.0,6.0,8.0,60.0,72,1,64,6,0,214,16,294,3,0,8,89,113,3,273,7,0,650,45,968,15,0,28,163,767,2265,0.33863134657836647,16.0,68.0,84.0,66.0
258,MISSOURI,HICKORY,5.0,0.0,1.0,8.0,0,0,11,0,0,9,0,20,0,0,0,0,0,0,43,0,0,45,2,90,0,0,0,0,40,180,0.2222222222222222,5.0,9.0,14.0,8.0
259,MISSOURI,HOLT,3.0,0.0,2.0,8.0,3,1,6,0,0,1,1,8,0,0,0,3,5,1,27,0,0,34,6,67,0,0,0,5,23,145,0.15862068965517243,3.0,10.0,13.0,8.0
260,MISSOURI,IRON,4.0,1.0,1.0,19.0,1,2,4,1,0,18,1,23,1,0,0,3,15,3,45,1,0,70,5,120,2,0,1,19,54,281,0.19217081850533807,5.0,20.0,25.0,20.0
261,MISSOURI,JEFFERSON,75.0,18.0,35.0,273.0,219,7,81,6,0,538,112,731,4,0,13,242,300,19,593,6,0,3015,378,3986,30,0,36,372,1953,8735,0.22358328563251287,93.0,308.0,401.0,291.0
262,MISSOURI,LEWIS,3.0,2.0,4.0,12.0,16,1,3,0,0,18,1,22,1,0,0,17,16,1,23,0,0,58,4,85,1,0,0,17,79,205,0.3853658536585366,5.0,16.0,21.0,14.0
263,MISSOURI,MONTGOMERY,2.0,1.0,0.0,25.0,22,1,8,0,0,25,3,36,0,0,2,24,31,1,58,0,0,101,8,167,1,0,2,34,121,403,0.3002481389578164,3.0,25.0,28.0,26.0
264,MISSOURI,PEMISCOT,15.0,2.0,11.0,50.0,58,6,21,1,0,94,14,129,0,0,12,71,133,8,182,1,0,391,40,613,6,0,19,159,406,1552,0.2615979381443299,17.0,61.0,78.0,52.0
265,MISSOURI,POLK,11.0,4.0,8.0,37.0,73,0,36,0,0,240,28,304,3,0,3,79,106,5,227,0,0,700,72,999,17,0,7,130,766,2263,0.3384887317719841,15.0,45.0,60.0,41.0
266,MISSOURI,SALINE,18.0,4.0,4.0,52.0,35,1,11,2,0,99,0,110,0,0,1,38,47,3,104,2,0,355,10,469,1,0,2,52,297,1045,0.28421052631578947,22.0,56.0,78.0,56.0
267,MISSOURI,SCOTLAND,2.0,0.0,2.0,5.0,6,0,3,0,0,7,2,12,2,0,0,8,6,1,13,0,0,26,6,45,3,0,0,9,40,109,0.3669724770642202,2.0,7.0,9.0,5.0
268,MISSOURI,VERNON,16.0,3.0,3.0,36.0,56,4,46,1,0,195,25,266,9,0,3,69,109,4,222,1,0,591,41,854,12,0,5,127,674,1966,0.34282807731434384,19.0,39.0,58.0,39.0
269,MISSOURI,WASHINGTON,6.0,5.0,8.0,26.0,24,1,9,0,0,42,3,54,2,0,0,26,93,5,135,0,0,318,37,490,14,0,4,111,161,1207,0.13338856669428334,11.0,34.0,45.0,31.0
270,MONTANA,CARBON,7.0,2.0,1.0,16.0,4,0,0,3,0,5,1,6,0,0,0,7,21,1,27,3,0,69,8,104,1,0,0,25,26,259,0.10038610038610038,9.0,17.0,26.0,18.0
271,MONTANA,CUSTER,5.0,0.0,6.0,22.0,15,1,5,0,0,52,2,59,0,0,0,15,21,2,25,0,0,171,13,209,5,0,2,28,149,476,0.3130252100840336,5.0,28.0,33.0,22.0
272,MONTANA,FERGUS,13.0,1.0,6.0,19.0,26,1,10,0,0,9,2,21,8,0,1,35,56,2,29,0,0,99,4,132,16,0,1,73,113,412,0.27427184466019416,14.0,25.0,39.0,20.0
273,MONTANA,POWELL,3.0,0.0,3.0,11.0,9,0,3,0,0,12,3,18,2,0,0,11,23,0,20,0,0,109,10,139,3,0,0,26,58,330,0.17575757575757575,3.0,14.0,17.0,11.0
274,MONTANA,SANDERS,7.0,2.0,0.0,19.0,12,0,0,0,0,6,2,8,0,0,1,13,19,2,21,0,0,97,7,125,7,0,1,27,42,306,0.13725490196078433,9.0,19.0,28.0,21.0
275,MONTANA,STILLWATER,8.0,1.0,1.0,12.0,12,0,1,0,0,9,0,10,0,0,0,12,18,1,18,0,0,39,8,65,8,0,0,26,44,183,0.24043715846994534,9.0,13.0,22.0,13.0
276,MONTANA,TREASURE,0.0,1.0,0.0,1.0,0,0,0,0,0,0,1,1,0,0,0,0,0,0,0,0,0,0,1,1,0,0,0,0,2,2,1.0,1.0,1.0,2.0,2.0
277,NEBRASKA,CHEYENNE,4.0,2.0,10.0,21.0,13,0,6,0,0,42,2,50,0,0,1,14,18,0,24,0,0,120,5,149,2,0,1,21,128,340,0.3764705882352941,6.0,31.0,37.0,23.0
278,NEBRASKA,DODGE,8.0,4.0,0.0,55.0,25,4,27,0,0,105,2,134,4,2,1,32,39,11,114,0,0,550,38,702,23,7,7,76,336,1567,0.21442246330567966,12.0,55.0,67.0,59.0
279,NEBRASKA,FRANKLIN,4.0,0.0,0.0,3.0,2,0,0,0,0,0,2,2,0,0,0,2,2,0,3,0,0,2,2,7,0,0,0,2,8,18,0.4444444444444444,4.0,3.0,7.0,3.0
280,NEBRASKA,GARFIELD,0.0,0.0,0.0,2.0,0,0,0,0,0,1,0,1,0,0,1,1,0,0,0,0,0,1,0,1,0,0,1,1,4,4,1.0,0.0,2.0,2.0,2.0
281,NEBRASKA,GREELEY,1.0,0.0,0.0,2.0,0,0,0,0,0,0,0,0,0,0,0,0,0,0,0,0,0,0,0,0,0,0,0,0,0,0,,1.0,2.0,3.0,2.0
282,NEBRASKA,HOLT,0.0,1.0,7.0,10.0,4,1,3,1,0,14,4,21,0,1,0,6,4,2,3,1,0,18,4,25,0,1,0,6,55,64,0.859375,1.0,17.0,18.0,11.0
283,NEBRASKA,KIMBALL,5.0,2.0,0.0,6.0,4,0,0,0,0,1,0,1,0,0,0,4,4,0,3,0,0,10,2,15,0,0,0,4,10,38,0.2631578947368421,7.0,6.0,13.0,8.0
284,NEBRASKA,LINCOLN,19.0,3.0,39.0,61.0,72,4,27,0,0,215,27,269,3,0,2,77,83,10,169,0,0,758,54,981,16,0,4,103,696,2178,0.31955922865013775,22.0,100.0,122.0,64.0
285,NEBRASKA,LOGAN,0.0,0.0,0.0,2.0,0,0,0,0,0,0,0,0,0,0,0,0,0,0,0,0,0,0,0,0,0,0,0,0,0,0,,0.0,2.0,2.0,2.0
286,NEBRASKA,RICHARDSON,13.0,1.0,6.0,16.0,2,0,12,0,0,11,1,24,1,0,0,3,2,0,20,0,0,39,1,60,1,0,0,3,54,126,0.42857142857142855,14.0,22.0,36.0,17.0
287,NEBRASKA,ROCK,0.0,0.0,4.0,3.0,0,0,0,0,0,0,0,0,0,0,0,0,0,0,0,0,0,0,0,0,0,0,0,0,0,0,,0.0,7.0,7.0,3.0
288,NEBRASKA,SCOTTS BLUFF,9.0,4.0,6.0,65.0,42,1,8,1,0,205,8,221,2,0,1,46,66,5,200,2,0,685,40,925,10,0,9,87,535,2029,0.26367668802365696,13.0,71.0,84.0,69.0
289,NEBRASKA,THAYER,3.0,0.0,1.0,7.0,0,0,2,0,0,2,0,4,0,0,0,0,1,1,2,0,0,51,2,55,0,0,0,1,8,113,0.07079646017699115,3.0,8.0,11.0,7.0
290,NEBRASKA,THOMAS,0.0,0.0,0.0,1.0,0,0,0,0,0,0,0,0,0,0,0,0,0,0,0,0,0,0,0,0,0,0,0,0,0,0,,0.0,1.0,1.0,1.0
291,NEBRASKA,VALLEY,0.0,0.0,5.0,7.0,2,0,0,0,0,1,0,1,0,0,0,2,3,0,9,0,0,18,3,30,0,0,0,3,6,66,0.09090909090909091,0.0,12.0,12.0,7.0
292,NEVADA,STOREY,2.0,1.0,0.0,24.0,32,1,5,0,0,19,2,26,0,0,0,32,41,1,21,1,0,46,6,73,1,0,0,43,117,233,0.5021459227467812,3.0,24.0,27.0,25.0
293,NEW HAMPSHIRE,HILLSBOROUGH,152.0,56.0,66.0,690.0,387,7,143,1,0,1070,50,1263,34,0,94,516,669,53,844,5,0,5048,287,6179,167,0,248,1089,3565,14589,0.24436219069161697,208.0,756.0,964.0,746.0
294,NEW HAMPSHIRE,STRAFFORD,46.0,24.0,16.0,187.0,82,0,50,1,0,472,16,538,4,0,18,105,151,17,309,2,0,1802,85,2196,66,0,31,250,1286,4909,0.26196781421878185,70.0,203.0,273.0,211.0
295,NEW JERSEY,BURLINGTON,145.0,65.0,43.0,773.0,214,11,219,10,0,1011,54,1284,27,0,92,343,343,30,1342,20,0,4924,297,6563,112,0,227,702,3265,14560,0.2242445054945055,210.0,816.0,1026.0,838.0
296,NEW JERSEY,CAMDEN,242.0,190.0,115.0,1516.0,760,33,361,40,0,2312,50,2723,76,0,290,1166,1424,129,2591,57,0,8794,928,12313,149,0,725,2355,7811,29465,0.26509417953504155,432.0,1631.0,2063.0,1706.0
297,NEW JERSEY,CAPE MAY,88.0,56.0,55.0,459.0,89,4,96,1,0,430,11,537,8,0,21,119,138,8,532,0,0,2249,49,2830,25,0,54,217,1316,6102,0.21566699442805637,144.0,514.0,658.0,515.0
298,NEW JERSEY,MERCER,269.0,123.0,144.0,1084.0,344,7,164,18,0,926,6,1096,50,0,145,557,770,30,1562,26,0,4222,527,6311,104,0,582,1482,3313,15616,0.21215420081967212,392.0,1228.0,1620.0,1207.0
299,NEW JERSEY,MONMOUTH,422.0,144.0,283.0,1850.0,338,6,237,5,0,1781,52,2070,29,0,131,503,554,18,1252,7,0,7111,191,8554,57,0,354,972,5152,19070,0.27016255899318303,566.0,2133.0,2699.0,1994.0
300,NEW MEXICO,BERNALILLO,322.0,155.0,228.0,1081.0,2210,27,544,45,0,4003,584,5131,1,149,323,2728,4465,214,7200,70,0,26630,8299,42129,3,438,2085,7061,15745,98594,0.15969531614499868,477.0,1309.0,1786.0,1236.0
301,NEW MEXICO,DE BACA,0.0,1.0,0.0,4.0,0,0,1,0,0,2,2,5,0,0,0,0,1,0,16,0,0,11,4,31,0,0,1,2,10,66,0.15151515151515152,1.0,4.0,5.0,5.0
302,NEW MEXICO,GUADALUPE,4.0,0.0,3.0,12.0,8,0,2,0,0,6,1,9,0,0,0,8,13,0,24,0,0,43,7,74,0,0,1,14,34,176,0.19318181818181818,4.0,15.0,19.0,12.0
303,NEW MEXICO,HARDING,0.0,0.0,0.0,2.0,0,0,0,0,0,0,0,0,0,0,0,0,0,0,0,0,0,0,0,0,0,0,0,0,0,0,,0.0,2.0,2.0,2.0
304,NEW MEXICO,LINCOLN,20.0,1.0,9.0,56.0,54,0,26,0,0,120,5,151,0,2,0,56,77,0,160,0,0,306,25,491,0,7,1,85,414,1152,0.359375,21.0,65.0,86.0,57.0
305,NEW MEXICO,LOS ALAMOS,16.0,3.0,21.0,30.0,15,0,6,0,0,63,5,74,0,2,1,18,14,2,16,0,0,117,6,139,0,3,1,18,184,316,0.5822784810126582,19.0,51.0,70.0,33.0
306,NEW MEXICO,MCKINLEY,33.0,19.0,11.0,100.0,159,0,29,0,0,295,9,333,1,3,9,172,395,17,373,2,0,1388,156,1917,1,30,85,513,1010,4877,0.20709452532294442,52.0,111.0,163.0,119.0
307,NEW MEXICO,ROOSEVELT,6.0,2.0,4.0,42.0,0,0,5,0,0,9,2,16,0,2,1,3,34,0,295,2,0,202,21,518,0,14,5,55,38,1146,0.03315881326352531,8.0,46.0,54.0,44.0
308,NEW MEXICO,SAN JUAN,47.0,20.0,15.0,214.0,376,2,42,2,0,404,22,468,0,19,17,414,790,29,683,2,0,2069,264,3016,0,121,66,979,1766,8019,0.2202269609677017,67.0,229.0,296.0,234.0
309,NEW MEXICO,SIERRA,2.0,2.0,1.0,24.0,34,1,10,3,0,34,7,51,0,2,0,39,46,2,90,3,0,175,19,284,0,8,0,57,181,684,0.2646198830409357,4.0,25.0,29.0,26.0
310,NEW MEXICO,TORRANCE,6.0,3.0,3.0,22.0,35,0,15,0,0,8,11,34,0,3,1,39,53,1,150,1,0,103,38,291,0,11,5,70,146,723,0.20193637621023514,9.0,25.0,34.0,25.0
311,NEW YORK,CHEMUNG,14.0,7.0,3.0,138.0,84,4,86,2,0,794,19,899,11,1,16,114,103,8,270,3,0,1577,45,1892,26,2,38,172,2030,4136,0.49081237911025144,21.0,141.0,162.0,145.0
312,NEW YORK,MADISON,20.0,12.0,6.0,108.0,37,1,34,1,0,319,18,371,30,0,8,76,61,5,143,1,0,914,35,1092,59,0,11,132,895,2453,0.36485935589074603,32.0,114.0,146.0,120.0
313,NEW YORK,NEW YORK,9938.0,6409.0,5312.0,30492.0,22716,0,3512,232,0,26037,897,30446,1076,0,7677,31701,30918,0,12078,335,0,107561,6376,126015,2376,0,15586,49215,124294,350460,0.3546595902528106,16347.0,35804.0,52151.0,36901.0
314,NEW YORK,OSWEGO,25.0,13.0,6.0,164.0,115,4,84,0,0,564,25,673,57,2,13,187,122,6,459,0,0,1516,70,2045,118,3,22,265,1724,4626,0.37267617812364895,38.0,170.0,208.0,177.0
315,NEW YORK,OTSEGO,9.0,11.0,9.0,50.0,33,2,28,0,0,150,5,183,15,0,4,52,45,5,112,0,0,563,12,687,35,0,10,90,472,1559,0.3027581783194355,20.0,59.0,79.0,61.0
316,NEW YORK,PUTNAM,21.0,6.0,5.0,134.0,16,0,25,0,0,134,9,168,5,0,3,24,21,1,86,0,0,446,22,554,10,0,6,37,384,1183,0.3245984784446323,27.0,139.0,166.0,140.0
317,NEW YORK,RENSSELAER,21.0,14.0,18.0,226.0,197,8,132,5,0,682,52,866,19,2,44,267,291,19,611,4,0,2371,153,3135,60,2,114,471,2274,7231,0.3144793251279214,35.0,244.0,279.0,240.0
318,NEW YORK,SCHOHARIE,10.0,5.0,5.0,35.0,7,3,18,0,0,108,3,129,11,0,2,20,8,4,66,0,0,271,12,349,25,0,3,36,301,774,0.3888888888888889,15.0,40.0,55.0,40.0
319,NEW YORK,SCHUYLER,3.0,0.0,0.0,21.0,9,0,15,0,0,54,1,70,2,0,0,11,9,0,23,0,0,75,3,101,4,0,0,13,162,228,0.7105263157894737,3.0,21.0,24.0,21.0
320,NEW YORK,STEUBEN,15.0,6.0,3.0,98.0,67,4,57,1,0,324,16,397,23,0,6,97,99,12,229,1,0,1060,43,1332,73,0,14,187,992,3050,0.32524590163934425,21.0,101.0,122.0,104.0
321,NEW YORK,ULSTER,37.0,46.0,22.0,418.0,113,0,55,3,0,540,17,612,20,5,10,151,180,5,394,4,0,1881,65,2340,68,5,36,293,1526,5271,0.28950863213811423,83.0,440.0,523.0,464.0
322,NORTH CAROLINA,ALLEGHANY,5.0,1.0,11.0,28.0,8,0,8,0,0,10,0,18,0,2,0,10,10,0,34,0,0,52,3,89,0,3,0,13,56,204,0.27450980392156865,6.0,39.0,45.0,29.0
323,NORTH CAROLINA,ANSON,22.0,3.0,12.0,53.0,68,1,53,0,0,118,7,178,0,1,6,75,81,2,273,0,0,315,17,605,0,2,12,95,507,1402,0.3616262482168331,25.0,65.0,90.0,56.0
324,NORTH CAROLINA,AVERY,12.0,1.0,13.0,46.0,21,1,12,0,0,31,5,48,0,0,0,21,37,4,51,0,0,127,13,191,0,0,0,37,139,460,0.30217391304347824,13.0,59.0,72.0,47.0
325,NORTH CAROLINA,BRUNSWICK,67.0,36.0,47.0,265.0,57,4,94,0,0,329,18,441,0,8,8,73,80,14,418,0,0,1023,61,1502,0,10,15,105,1032,3228,0.31970260223048325,103.0,312.0,415.0,301.0
326,NORTH CAROLINA,CALDWELL,22.0,21.0,4.0,158.0,62,0,138,0,0,551,57,746,0,7,11,80,116,10,686,1,0,1653,163,2502,0,14,31,162,1652,5338,0.30947920569501686,43.0,162.0,205.0,179.0
327,NORTH CAROLINA,CAMDEN,3.0,3.0,3.0,18.0,1,0,0,0,0,0,0,0,0,0,0,1,7,0,17,0,0,46,1,64,0,1,2,10,2,148,0.013513513513513514,6.0,21.0,27.0,21.0
328,NORTH CAROLINA,CHATHAM,28.0,15.0,9.0,115.0,55,2,116,3,0,267,20,403,0,5,9,72,76,3,345,2,0,702,38,1085,0,7,23,108,952,2389,0.3984930933444956,43.0,124.0,167.0,130.0
329,NORTH CAROLINA,CUMBERLAND,341.0,144.0,165.0,693.0,802,25,487,36,0,2734,106,3327,0,59,248,1145,1319,80,2585,38,0,8822,506,11913,0,118,404,1879,8969,27664,0.324211972238288,485.0,858.0,1343.0,837.0
330,NORTH CAROLINA,DAVIDSON,37.0,25.0,32.0,220.0,136,6,314,2,0,637,55,1006,0,11,27,176,170,13,1381,7,0,1756,183,3320,0,12,66,255,2370,7163,0.33086695518637443,62.0,252.0,314.0,245.0
331,NORTH CAROLINA,EDGECOMBE,52.0,3.0,34.0,82.0,55,3,80,6,0,216,13,309,0,6,21,88,83,7,270,6,0,530,31,831,0,8,27,124,797,1917,0.4157537819509651,55.0,116.0,171.0,85.0
332,NORTH CAROLINA,FRANKLIN,21.0,13.0,30.0,94.0,30,2,74,8,0,129,21,224,0,2,5,45,58,6,416,4,0,563,71,1050,0,8,13,83,540,2272,0.23767605633802816,34.0,124.0,158.0,107.0
333,NORTH CAROLINA,GASTON,149.0,52.0,81.0,502.0,389,6,241,5,0,1509,99,1849,0,19,97,510,567,25,974,17,0,3805,334,5113,0,34,184,802,4724,11855,0.3984816533108393,201.0,583.0,784.0,554.0
334,NORTH CAROLINA,GATES,0.0,4.0,0.0,13.0,0,0,0,0,0,0,0,0,0,0,0,0,0,0,0,0,0,0,0,0,0,0,0,0,0,0,,4.0,13.0,17.0,17.0
335,NORTH CAROLINA,GUILFORD,281.0,169.0,269.0,1087.0,827,28,710,27,0,3414,250,4374,0,94,325,1273,1761,139,3448,42,0,10387,954,14789,0,138,795,2736,11322,35189,0.32174827360822983,450.0,1356.0,1806.0,1256.0
336,NORTH CAROLINA,HARNETT,58.0,13.0,48.0,189.0,135,11,216,3,0,388,46,650,0,16,36,190,206,23,875,6,0,1285,122,2282,0,17,43,272,1691,5131,0.32956538686415904,71.0,237.0,308.0,202.0
337,NORTH CAROLINA,HERTFORD,22.0,3.0,13.0,42.0,31,0,34,6,0,135,5,174,0,4,6,47,46,0,212,7,0,332,19,563,0,3,10,66,442,1258,0.35135135135135137,25.0,55.0,80.0,45.0
338,NORTH CAROLINA,HOKE,28.0,11.0,32.0,69.0,15,2,25,2,0,60,8,93,0,2,3,22,34,4,217,3,0,376,14,607,0,2,5,44,232,1306,0.1776416539050536,39.0,101.0,140.0,80.0
339,NORTH CAROLINA,MACON,12.0,11.0,16.0,69.0,13,0,59,2,0,73,11,143,0,1,0,16,21,4,256,2,0,441,34,731,0,3,0,26,318,1518,0.20948616600790515,23.0,85.0,108.0,80.0
340,NORTH CAROLINA,NEW HANOVER,146.0,127.0,89.0,593.0,390,7,382,14,0,1098,72,1552,0,38,94,536,612,33,1847,17,0,4894,353,7094,0,68,257,954,4183,16129,0.2593465186930374,273.0,682.0,955.0,720.0
341,NORTH CAROLINA,PITT,114.0,42.0,132.0,381.0,273,2,275,5,0,1096,78,1449,0,28,72,378,496,7,1386,8,0,3538,186,5110,0,29,186,719,3656,11665,0.31341620231461637,156.0,513.0,669.0,423.0
342,NORTH CAROLINA,SAMPSON,26.0,13.0,21.0,107.0,71,5,84,1,0,167,18,269,0,10,20,102,101,8,607,3,0,691,91,1389,0,10,38,152,747,3090,0.24174757281553397,39.0,128.0,167.0,120.0
343,NORTH CAROLINA,STOKES,16.0,13.0,7.0,59.0,41,2,60,2,0,138,2,200,0,4,0,47,66,2,239,2,0,722,44,1005,0,4,1,73,496,2158,0.22984244670991658,29.0,66.0,95.0,72.0
344,NORTH CAROLINA,SWAIN,21.0,11.0,29.0,78.0,18,1,32,0,0,58,10,100,0,2,2,22,53,0,212,0,0,579,72,863,3,4,10,70,245,1866,0.13129689174705253,32.0,107.0,139.0,89.0
345,NORTH CAROLINA,WAKE,853.0,328.0,704.0,3734.0,281,13,330,11,0,2033,103,2466,0,38,89,419,396,29,1460,9,0,6356,350,8166,0,66,191,662,5783,17685,0.32700028272547355,1181.0,4438.0,5619.0,4062.0
346,NORTH CAROLINA,WARREN,20.0,3.0,12.0,43.0,15,2,15,0,0,19,4,38,0,3,1,19,29,6,142,1,0,157,19,318,0,2,2,34,116,710,0.16338028169014085,23.0,55.0,78.0,46.0
347,NORTH CAROLINA,WAYNE,48.0,23.0,84.0,224.0,150,4,147,4,0,578,55,780,0,4,33,191,401,10,1213,11,0,2364,227,3804,0,7,119,538,1946,8694,0.22383252818035426,71.0,308.0,379.0,247.0
348,NORTH CAROLINA,WILSON,28.0,30.0,47.0,176.0,168,1,221,8,0,543,48,812,0,6,50,232,195,8,730,12,0,1675,158,2563,0,12,97,316,2089,5766,0.36229621921609434,58.0,223.0,281.0,206.0
349,NORTH DAKOTA,ADAMS,1.0,0.0,0.0,5.0,1,0,0,0,0,0,0,0,0,0,0,1,1,0,1,0,0,4,0,5,0,0,0,1,2,12,0.16666666666666666,1.0,5.0,6.0,5.0
350,NORTH DAKOTA,BARNES,2.0,1.0,0.0,19.0,9,0,18,0,0,20,6,44,1,0,1,11,11,3,64,0,0,157,25,246,2,0,1,14,110,523,0.21032504780114722,3.0,19.0,22.0,20.0
351,NORTH DAKOTA,BENSON,4.0,2.0,1.0,13.0,46,1,6,0,0,9,3,18,2,0,0,48,49,2,10,0,0,39,10,59,2,0,0,51,133,222,0.5990990990990991,6.0,14.0,20.0,15.0
352,NORTH DAKOTA,BILLINGS,0.0,1.0,0.0,8.0,0,0,1,0,0,0,0,1,0,0,0,0,1,0,3,0,0,7,0,10,0,0,0,1,2,22,0.09090909090909091,1.0,8.0,9.0,9.0
353,NORTH DAKOTA,CAVALIER,0.0,0.0,5.0,6.0,1,0,1,0,0,3,0,4,2,0,0,3,1,0,9,0,0,19,2,30,2,0,0,3,14,66,0.21212121212121213,0.0,11.0,11.0,6.0
354,NORTH DAKOTA,DUNN,3.0,2.0,0.0,18.0,2,0,3,0,0,3,1,7,0,0,0,2,2,1,8,0,0,24,6,38,3,0,0,5,18,87,0.20689655172413793,5.0,18.0,23.0,20.0
355,NORTH DAKOTA,LOGAN,0.0,0.0,0.0,5.0,0,0,1,0,0,3,0,4,0,0,0,0,1,0,3,0,0,4,0,7,0,0,0,1,8,16,0.5,0.0,5.0,5.0,5.0
356,NORTH DAKOTA,MCHENRY,0.0,1.0,0.0,7.0,1,0,2,0,0,2,0,4,0,0,0,1,2,0,12,0,0,29,6,47,1,0,0,3,10,100,0.1,1.0,7.0,8.0,8.0
357,NORTH DAKOTA,MCKENZIE,24.0,3.0,11.0,45.0,24,0,6,0,0,15,10,31,4,0,0,28,36,0,61,0,0,206,52,319,8,0,1,45,118,728,0.1620879120879121,27.0,56.0,83.0,48.0
358,NORTH DAKOTA,MORTON,16.0,8.0,16.0,60.0,27,3,22,1,0,112,26,160,7,0,3,38,42,10,144,1,0,684,114,942,12,0,5,60,399,2014,0.19811320754716982,24.0,76.0,100.0,68.0
359,NORTH DAKOTA,PEMBINA,4.0,0.0,2.0,16.0,0,1,1,0,0,2,0,3,0,0,0,0,2,2,25,0,0,54,16,95,1,0,0,3,7,198,0.03535353535353535,4.0,18.0,22.0,16.0
360,NORTH DAKOTA,SLOPE,0.0,0.0,0.0,2.0,0,0,0,0,0,0,0,0,0,0,0,0,0,0,0,0,0,0,1,1,0,0,0,0,0,2,0.0,0.0,2.0,2.0,2.0
361,NORTH DAKOTA,STEELE,0.0,0.0,0.0,3.0,0,0,0,0,0,1,0,1,0,0,0,0,1,0,0,0,0,1,0,1,0,0,0,1,2,4,0.5,0.0,3.0,3.0,3.0
362,OHIO,BUTLER,111.0,54.0,43.0,489.0,203,9,327,11,0,2115,108,2550,46,0,77,337,428,41,2572,18,0,9146,250,11968,207,0,262,915,5783,25807,0.22408648816212656,165.0,532.0,697.0,543.0
363,OHIO,CLERMONT,53.0,15.0,67.0,194.0,88,6,135,1,0,800,35,970,10,0,12,111,114,13,832,1,0,2922,120,3874,69,0,36,220,2168,8201,0.2643580051213267,68.0,261.0,329.0,209.0
364,OHIO,DELAWARE,67.0,14.0,53.0,194.0,30,2,34,0,0,458,9,501,18,0,14,62,50,12,435,1,0,1689,39,2163,58,0,28,137,1128,4612,0.2445793581960104,81.0,247.0,328.0,208.0
365,OHIO,FAYETTE,16.0,1.0,6.0,43.0,14,0,10,1,0,145,4,159,1,0,7,23,26,4,295,2,0,808,26,1129,21,0,14,63,364,2388,0.152428810720268,17.0,49.0,66.0,44.0
366,OHIO,HARDIN,5.0,1.0,5.0,37.0,7,0,2,0,0,33,0,35,0,0,2,9,13,3,152,0,0,450,19,621,9,0,7,29,88,1303,0.06753645433614736,6.0,42.0,48.0,38.0
367,OHIO,HARRISON,0.0,2.0,2.0,13.0,1,0,6,0,0,17,0,23,1,0,2,4,6,1,50,0,0,98,6,154,3,0,4,13,54,335,0.16119402985074627,2.0,15.0,17.0,15.0
368,OHIO,HOLMES,11.0,6.0,12.0,33.0,0,0,11,1,0,46,6,63,3,0,0,4,0,1,54,1,0,225,16,295,4,0,3,8,134,607,0.22075782537067545,17.0,45.0,62.0,39.0
369,OHIO,KNOX,9.0,6.0,9.0,71.0,13,1,10,0,0,118,0,128,3,0,0,16,28,3,205,1,0,1022,2,1229,35,0,2,66,289,2593,0.11145391438488238,15.0,80.0,95.0,77.0
370,OHIO,LAWRENCE,12.0,4.0,2.0,54.0,21,0,18,0,0,133,6,157,6,0,4,31,59,3,265,1,0,666,40,971,24,0,16,100,376,2145,0.17529137529137528,16.0,56.0,72.0,58.0
371,OHIO,MEIGS,6.0,0.0,1.0,26.0,6,1,3,0,0,5,2,10,1,0,0,7,27,6,76,2,0,166,16,258,5,0,7,41,35,604,0.057947019867549666,6.0,27.0,33.0,26.0
372,OHIO,MERCER,9.0,9.0,5.0,54.0,7,0,0,0,0,6,0,6,0,0,0,7,7,1,22,0,0,139,10,171,5,0,2,14,26,371,0.07008086253369272,18.0,59.0,77.0,63.0
373,OHIO,MONROE,4.0,0.0,3.0,27.0,1,1,1,0,0,3,0,4,1,0,0,2,6,1,20,0,0,35,7,62,5,0,0,11,13,147,0.08843537414965986,4.0,30.0,34.0,27.0
374,OHIO,MORGAN,4.0,1.0,2.0,16.0,16,0,5,0,0,16,2,23,0,0,0,16,20,3,62,0,0,124,16,202,8,0,1,29,78,465,0.16774193548387098,5.0,18.0,23.0,17.0
375,OHIO,PICKAWAY,27.0,3.0,23.0,59.0,16,0,13,0,0,134,5,152,1,0,3,20,44,2,290,0,0,1158,44,1492,11,0,15,70,344,3126,0.11004478566858605,30.0,82.0,112.0,62.0
376,OKLAHOMA,BLAINE,9.0,2.0,7.0,21.0,1,0,0,0,0,5,1,6,0,0,0,1,4,0,42,0,0,59,5,106,2,0,2,8,14,228,0.06140350877192982,11.0,28.0,39.0,23.0
377,OKLAHOMA,CANADIAN,53.0,7.0,41.0,173.0,86,0,19,0,0,236,15,270,5,0,2,93,161,9,214,1,0,1027,87,1328,24,0,10,196,726,3057,0.23748773307163887,60.0,214.0,274.0,180.0
378,OKLAHOMA,HARPER,3.0,0.0,0.0,5.0,0,0,0,0,0,0,0,0,0,0,0,0,0,0,2,0,0,7,0,9,0,0,0,0,0,18,0.0,3.0,5.0,8.0,5.0
379,OKLAHOMA,LINCOLN,17.0,3.0,22.0,56.0,28,1,17,0,0,33,8,58,1,0,2,31,58,6,162,1,0,284,62,508,19,0,5,83,179,1188,0.15067340067340068,20.0,78.0,98.0,59.0
380,OKLAHOMA,MAYES,16.0,6.0,30.0,76.0,28,1,25,0,0,39,14,78,2,0,0,30,76,5,204,1,0,315,68,587,13,0,3,93,217,1365,0.15897435897435896,22.0,106.0,128.0,82.0
381,OKLAHOMA,MURRAY,5.0,3.0,6.0,22.0,8,0,2,0,0,12,1,15,5,0,0,13,25,2,58,0,0,149,21,228,12,0,0,37,56,532,0.10526315789473684,8.0,28.0,36.0,25.0
382,OKLAHOMA,NOBLE,17.0,1.0,11.0,28.0,12,0,4,1,0,8,3,15,0,0,0,13,20,3,79,2,0,119,14,212,2,0,2,26,56,479,0.11691022964509394,18.0,39.0,57.0,29.0
383,OKLAHOMA,NOWATA,4.0,1.0,9.0,18.0,10,0,3,0,0,4,2,9,2,0,0,12,16,3,57,0,0,79,10,146,3,0,0,19,42,333,0.12612612612612611,5.0,27.0,32.0,19.0
384,OKLAHOMA,OTTAWA,22.0,3.0,13.0,108.0,16,2,9,0,0,22,7,38,2,0,0,18,37,11,92,1,0,323,54,469,5,0,4,47,114,1043,0.10930009587727708,25.0,121.0,146.0,111.0
385,OKLAHOMA,PITTSBURG,11.0,1.0,6.0,77.0,43,2,33,2,0,130,7,170,2,0,2,49,95,19,407,4,0,811,92,1310,27,0,8,134,440,2907,0.15135878912968695,12.0,83.0,95.0,78.0
386,OKLAHOMA,PONTOTOC,23.0,5.0,16.0,103.0,62,1,52,1,0,525,49,626,6,0,13,82,81,6,328,1,0,1352,125,1805,11,0,22,115,1417,3846,0.36843473738949556,28.0,119.0,147.0,108.0
387,OKLAHOMA,SEMINOLE,11.0,2.0,15.0,49.0,34,4,16,0,0,44,1,61,4,0,2,40,68,15,173,2,0,373,45,591,10,0,6,86,206,1369,0.15047479912344777,13.0,64.0,77.0,51.0
388,OKLAHOMA,STEPHENS,28.0,5.0,9.0,79.0,17,0,17,0,0,77,3,97,0,0,0,17,59,9,419,0,0,834,69,1322,16,0,10,85,228,2823,0.08076514346439957,33.0,88.0,121.0,84.0
389,OREGON,DOUGLAS,52.0,14.0,4.0,195.0,125,10,65,1,0,558,74,697,6,0,6,138,188,30,419,4,0,2119,320,2858,35,0,18,245,1680,6236,0.26940346375881974,66.0,199.0,265.0,209.0
390,OREGON,KLAMATH,23.0,8.0,32.0,89.0,44,6,26,6,0,296,14,336,5,3,17,75,56,10,162,9,0,576,80,818,6,9,24,104,828,1854,0.44660194174757284,31.0,121.0,152.0,97.0
391,OREGON,MULTNOMAH,408.0,163.0,558.0,1042.0,919,56,267,14,0,2785,391,3443,60,0,258,1251,2140,268,4665,23,0,27791,6057,38513,484,0,1146,3793,9444,84880,0.11126295947219604,571.0,1600.0,2171.0,1205.0
392,OREGON,POLK,18.0,5.0,29.0,64.0,61,3,35,2,0,176,24,235,6,0,1,70,82,7,184,4,0,714,68,966,17,0,6,109,613,2157,0.2841910060268892,23.0,93.0,116.0,69.0
393,OREGON,TILLAMOOK,14.0,10.0,16.0,48.0,17,5,24,0,0,61,12,97,1,0,1,19,18,4,109,0,0,273,46,428,2,0,1,21,237,902,0.26274944567627495,24.0,64.0,88.0,58.0
394,PENNSYLVANIA,BLAIR,18.0,14.0,4.0,140.0,174,5,46,0,0,478,26,550,41,0,23,238,180,16,238,1,0,1404,55,1697,40,0,46,267,1581,3944,0.40086206896551724,32.0,144.0,176.0,154.0
395,PENNSYLVANIA,BUCKS,88.0,40.0,17.0,759.0,295,14,227,7,0,2261,75,2563,29,0,98,429,357,34,958,10,0,7468,365,8791,69,0,175,611,5998,18838,0.3183989807835227,128.0,776.0,904.0,799.0
396,PENNSYLVANIA,BUTLER,16.0,12.0,9.0,167.0,110,5,79,0,0,706,14,799,9,0,19,138,131,9,340,1,0,1800,52,2192,21,0,44,197,1879,4787,0.39252141215792774,28.0,176.0,204.0,179.0
397,PENNSYLVANIA,ELK,3.0,1.0,0.0,27.0,27,4,40,0,0,198,7,245,9,0,4,40,31,9,92,0,0,381,15,488,8,0,5,44,574,1073,0.5349487418452936,4.0,27.0,31.0,28.0
398,PENNSYLVANIA,INDIANA,1395.0,1370.0,302.0,5013.0,4687,95,1206,130,0,6264,1463,8933,719,0,2083,7619,7827,423,7170,278,0,37768,5529,50467,1289,0,6222,15616,33199,132589,0.25039030387136185,2765.0,5315.0,8080.0,6383.0
399,PENNSYLVANIA,JEFFERSON,5.0,1.0,0.0,28.0,41,2,18,0,0,75,4,97,11,0,1,53,51,3,59,0,0,238,16,313,20,0,1,72,302,773,0.3906856403622251,6.0,28.0,34.0,29.0
400,PENNSYLVANIA,LAWRENCE,14.0,6.0,3.0,89.0,104,5,65,5,0,289,26,380,8,0,29,146,137,20,365,5,0,874,74,1313,12,0,62,216,1057,3078,0.343404808317089,20.0,92.0,112.0,95.0
401,PENNSYLVANIA,LUZERNE,16.0,20.0,18.0,386.0,340,13,186,11,0,1293,61,1540,39,0,72,462,516,70,982,15,0,4567,190,5739,82,0,222,835,4017,13218,0.3039037675896505,36.0,404.0,440.0,406.0
402,PENNSYLVANIA,MERCER,16.0,3.0,2.0,137.0,131,1,96,2,0,526,24,646,18,0,19,170,160,11,358,6,0,1436,58,1852,26,0,36,228,1633,4171,0.3915128266602733,19.0,139.0,158.0,140.0
403,PENNSYLVANIA,MIFFLIN,4.0,3.0,3.0,35.0,23,0,17,0,0,136,6,159,4,0,2,29,45,2,100,0,0,565,15,680,8,0,5,58,376,1478,0.2543978349120433,7.0,38.0,45.0,38.0
404,PENNSYLVANIA,NORTHAMPTON,24.0,23.0,4.0,489.0,544,4,96,3,0,1010,20,1126,28,0,49,624,699,24,579,7,0,3754,156,4489,59,0,122,887,3504,10776,0.32516703786191536,47.0,493.0,540.0,512.0
405,PENNSYLVANIA,POTTER,0.0,0.0,0.0,10.0,16,0,18,0,0,42,3,63,9,0,2,27,31,1,50,0,0,98,12,160,10,0,2,43,180,407,0.44226044226044225,0.0,10.0,10.0,10.0
406,PENNSYLVANIA,TIOGA,3.0,2.0,2.0,36.0,26,0,31,0,0,197,9,237,6,0,9,41,33,0,92,0,0,296,14,402,11,0,14,58,556,920,0.6043478260869565,5.0,38.0,43.0,38.0
407,PENNSYLVANIA,WARREN,6.0,2.0,2.0,32.0,50,4,15,1,0,169,3,187,8,0,2,61,63,8,102,1,0,457,13,572,18,0,2,84,500,1320,0.3787878787878788,8.0,34.0,42.0,34.0
408,PENNSYLVANIA,WASHINGTON,14.0,13.0,9.0,231.0,166,6,137,8,0,912,41,1090,21,0,25,220,215,27,469,6,0,2377,92,2938,48,0,71,340,2626,6583,0.398906273735379,27.0,240.0,267.0,244.0
409,RHODE ISLAND,BRISTOL,11.0,5.0,11.0,78.0,12,0,13,0,0,35,1,49,4,0,1,17,17,4,81,0,0,349,14,444,13,0,4,34,132,960,0.1375,16.0,89.0,105.0,83.0
410,RHODE ISLAND,KENT,56.0,22.0,37.0,328.0,71,2,54,1,0,575,17,646,5,0,13,90,94,26,270,2,0,1896,115,2281,45,0,23,164,1474,4916,0.29983726606997557,78.0,365.0,443.0,350.0
411,SOUTH CAROLINA,CALHOUN,3.0,4.0,0.0,47.0,18,1,18,2,0,33,3,54,0,0,4,24,26,3,97,2,0,179,23,299,3,0,7,38,157,677,0.23190546528803546,7.0,47.0,54.0,51.0
412,SOUTH CAROLINA,COLLETON,46.0,16.0,24.0,87.0,90,5,45,3,0,208,12,265,9,0,5,107,232,20,282,5,0,941,97,1320,23,0,22,282,749,3224,0.23232009925558314,62.0,111.0,173.0,103.0
413,SOUTH CAROLINA,DARLINGTON,58.0,21.0,21.0,127.0,157,5,73,2,0,602,27,702,9,0,14,182,364,20,891,6,0,2105,170,3166,36,0,50,456,1773,7264,0.24408039647577093,79.0,148.0,227.0,148.0
414,SOUTH CAROLINA,LAURENS,16.0,15.0,3.0,132.0,202,4,90,4,0,387,34,511,13,0,15,234,280,12,440,5,0,1191,137,1768,25,0,28,338,1494,4224,0.3536931818181818,31.0,135.0,166.0,147.0
415,SOUTH CAROLINA,LEE,8.0,6.0,2.0,41.0,35,0,9,2,0,26,0,35,2,0,1,40,81,7,125,2,0,309,43,477,9,0,8,100,150,1161,0.12919896640826872,14.0,43.0,57.0,47.0
416,SOUTH CAROLINA,MARLBORO,5.0,9.0,3.0,64.0,52,0,16,2,0,82,1,99,2,0,6,62,188,5,315,4,0,640,82,1037,7,0,40,239,322,2557,0.12592882283926476,14.0,67.0,81.0,73.0
417,SOUTH CAROLINA,NEWBERRY,37.0,11.0,19.0,98.0,71,3,83,1,0,344,23,450,6,0,5,83,85,3,158,1,0,614,25,797,7,0,18,111,1069,1819,0.5876855415063221,48.0,117.0,165.0,109.0
418,SOUTH DAKOTA,BUFFALO,5.0,0.0,0.0,9.0,17,0,0,0,0,2,0,2,1,0,0,18,61,2,10,0,0,28,12,50,4,0,2,67,40,236,0.1694915254237288,5.0,9.0,14.0,9.0
419,SOUTH DAKOTA,CHARLES MIX,10.0,1.0,10.0,21.0,12,0,5,0,0,19,4,28,3,0,1,16,13,1,20,0,0,29,7,56,5,0,1,19,88,151,0.5827814569536424,11.0,31.0,42.0,22.0
420,SOUTH DAKOTA,DEUEL,1.0,0.0,0.0,5.0,1,0,1,0,0,1,2,4,0,0,0,1,1,0,4,0,0,20,3,27,0,0,0,1,10,56,0.17857142857142858,1.0,5.0,6.0,5.0
421,SOUTH DAKOTA,DOUGLAS,0.0,0.0,0.0,4.0,2,0,0,0,0,1,1,2,0,0,0,2,2,0,2,0,0,1,1,4,0,0,0,2,8,12,0.6666666666666666,0.0,4.0,4.0,4.0
422,SOUTH DAKOTA,EDMUNDS,0.0,0.0,0.0,4.0,2,0,0,0,0,2,0,2,0,0,0,2,2,0,0,0,0,2,0,2,0,0,0,2,8,8,1.0,0.0,4.0,4.0,4.0
423,SOUTH DAKOTA,HAND,1.0,0.0,0.0,6.0,2,0,2,0,0,1,0,3,0,0,0,2,2,0,11,0,0,7,0,18,0,0,0,2,10,40,0.25,1.0,6.0,7.0,6.0
424,SOUTH DAKOTA,KINGSBURY,1.0,0.0,0.0,5.0,0,0,0,0,0,0,0,0,0,0,0,0,0,0,0,0,0,0,0,0,0,0,0,0,0,0,,1.0,5.0,6.0,5.0
425,SOUTH DAKOTA,LAKE,2.0,2.0,5.0,16.0,4,0,3,0,0,12,4,19,0,0,0,4,4,0,15,0,0,57,4,76,0,0,0,4,46,160,0.2875,4.0,21.0,25.0,18.0
426,SOUTH DAKOTA,MEADE,20.0,2.0,10.0,36.0,25,1,6,2,0,23,5,34,2,0,0,29,27,3,40,2,0,189,23,252,4,0,0,33,127,573,0.22164048865619546,22.0,46.0,68.0,38.0
427,SOUTH DAKOTA,MELLETTE,1.0,1.0,0.0,3.0,0,0,0,0,0,0,0,0,0,0,0,0,0,0,0,0,0,0,0,0,0,0,0,0,0,0,,2.0,3.0,5.0,4.0
428,SOUTH DAKOTA,ROBERTS,22.0,0.0,17.0,20.0,30,1,11,0,0,22,12,45,1,0,0,31,32,1,14,0,0,23,12,49,2,0,0,34,153,167,0.9161676646706587,22.0,37.0,59.0,20.0
429,SOUTH DAKOTA,TURNER,2.0,0.0,0.0,10.0,5,0,1,0,0,1,1,3,0,0,0,5,12,0,10,0,0,32,9,51,1,0,0,13,16,128,0.125,2.0,10.0,12.0,10.0
430,TENNESSEE,BEDFORD,27.0,8.0,34.0,77.0,145,3,44,1,0,207,36,287,9,0,7,162,196,6,215,1,0,689,83,987,28,0,13,238,901,2456,0.36685667752442996,35.0,111.0,146.0,85.0
431,TENNESSEE,CANNON,10.0,2.0,9.0,24.0,21,0,8,0,0,19,2,29,0,0,1,22,22,2,59,0,0,88,18,165,0,0,2,24,102,380,0.26842105263157895,12.0,33.0,45.0,26.0
432,TENNESSEE,DYER,45.0,9.0,23.0,96.0,153,1,35,2,0,250,21,306,2,0,10,167,262,10,352,2,0,1143,68,1563,15,0,26,305,947,3746,0.25280298985584626,54.0,119.0,173.0,105.0
433,TENNESSEE,GREENE,43.0,6.0,55.0,115.0,123,5,93,1,0,266,78,437,3,0,10,137,180,12,367,2,0,1037,198,1602,6,0,20,208,1153,3632,0.3174559471365639,49.0,170.0,219.0,121.0
434,TENNESSEE,HANCOCK,9.0,0.0,13.0,13.0,0,0,3,0,0,13,6,22,0,0,0,0,2,1,19,0,0,92,19,130,1,0,0,3,44,267,0.1647940074906367,9.0,26.0,35.0,13.0
435,TENNESSEE,HICKMAN,16.0,0.0,17.0,37.0,72,0,28,0,0,73,29,130,5,0,1,78,86,1,178,0,0,309,53,540,8,0,2,96,416,1273,0.3267871170463472,16.0,54.0,70.0,37.0
436,TENNESSEE,HUMPHREYS,10.0,2.0,9.0,45.0,35,1,18,0,0,70,6,94,3,0,1,39,42,1,110,0,0,230,14,354,12,0,2,56,267,821,0.32521315468940315,12.0,54.0,66.0,47.0
437,TENNESSEE,LOUDON,12.0,2.0,22.0,81.0,72,3,39,1,0,214,21,274,3,0,3,79,93,5,183,1,0,694,79,956,3,0,10,107,709,2131,0.332707648991084,14.0,103.0,117.0,83.0
438,TENNESSEE,MORGAN,9.0,1.0,14.0,30.0,26,0,7,2,0,39,6,52,1,0,1,30,40,2,122,2,0,183,43,348,3,0,4,49,164,796,0.20603015075376885,10.0,44.0,54.0,31.0
439,TENNESSEE,PERRY,7.0,1.0,9.0,15.0,12,0,3,0,0,6,3,12,0,0,0,12,19,1,39,0,0,91,10,140,3,0,1,23,48,327,0.14678899082568808,8.0,24.0,32.0,16.0
440,TENNESSEE,PICKETT,1.0,1.0,3.0,11.0,9,1,0,0,0,6,4,10,0,0,0,9,14,2,10,0,0,33,8,51,3,0,0,17,39,138,0.2826086956521739,2.0,14.0,16.0,12.0
441,TENNESSEE,ROBERTSON,45.0,3.0,63.0,107.0,152,1,50,1,0,269,14,333,7,0,15,175,190,5,153,1,0,689,46,888,16,0,25,232,1017,2245,0.4530066815144766,48.0,170.0,218.0,110.0
442,TENNESSEE,SEVIER,64.0,23.0,79.0,237.0,184,5,63,3,0,525,63,651,13,0,8,208,243,15,610,3,0,1987,289,2886,35,0,28,309,1723,6405,0.2690085870413739,87.0,316.0,403.0,260.0
443,TENNESSEE,SMITH,19.0,2.0,17.0,42.0,24,0,16,0,0,31,7,54,1,0,1,26,31,2,82,0,0,157,22,261,3,0,5,39,160,602,0.26578073089701,21.0,59.0,80.0,44.0
444,TENNESSEE,STEWART,10.0,1.0,21.0,26.0,48,0,23,2,0,22,6,51,6,0,0,56,52,2,90,3,0,74,14,178,8,0,0,63,214,484,0.44214876033057854,11.0,47.0,58.0,27.0
445,TENNESSEE,UNION,8.0,3.0,12.0,37.0,33,2,29,0,0,79,10,118,5,0,1,39,39,6,149,0,0,271,34,454,10,0,4,53,316,1020,0.30980392156862746,11.0,49.0,60.0,40.0
446,TENNESSEE,WEAKLEY,22.0,3.0,16.0,79.0,50,2,37,0,0,106,10,153,6,0,1,57,55,3,158,1,0,389,26,573,6,0,7,69,422,1287,0.3278943278943279,25.0,95.0,120.0,82.0
447,TEXAS,ANGELINA,55.0,11.0,37.0,133.0,134,3,75,1,0,500,59,634,23,0,22,180,181,6,532,1,0,1523,140,2195,32,0,36,250,1631,4896,0.33312908496732024,66.0,170.0,236.0,144.0
448,TEXAS,ARMSTRONG,4.0,1.0,0.0,3.0,0,0,0,0,0,0,0,0,0,0,0,0,3,0,4,0,0,5,1,10,0,0,0,3,0,26,0.0,5.0,3.0,8.0,4.0
449,TEXAS,AUSTIN,18.0,8.0,12.0,72.0,24,0,16,0,0,79,5,100,2,0,3,29,43,0,136,0,0,239,31,406,6,0,11,60,258,932,0.27682403433476394,26.0,84.0,110.0,80.0
450,TEXAS,BAILEY,8.0,3.0,2.0,9.0,4,0,1,0,0,9,0,10,0,0,0,4,11,0,28,0,0,85,5,118,0,0,0,11,28,258,0.10852713178294573,11.0,11.0,22.0,12.0
451,TEXAS,BAYLOR,5.0,1.0,1.0,7.0,6,0,1,0,0,13,1,15,1,0,0,7,7,0,19,0,0,39,2,60,1,0,0,8,44,136,0.3235294117647059,6.0,8.0,14.0,8.0
452,TEXAS,CARSON,5.0,0.0,1.0,10.0,19,1,0,0,0,8,1,9,1,0,1,21,29,1,13,0,0,36,4,53,0,0,0,29,61,165,0.3696969696969697,5.0,11.0,16.0,10.0
453,TEXAS,CHILDRESS,12.0,0.0,10.0,13.0,0,0,1,0,0,1,0,2,0,0,0,0,0,0,6,0,0,3,1,10,0,0,0,0,4,20,0.2,12.0,23.0,35.0,13.0
454,TEXAS,COLLIN,382.0,131.0,311.0,1049.0,327,6,200,12,0,1681,132,2013,92,0,85,516,591,46,1967,14,0,10390,735,13092,216,0,232,1053,5064,28336,0.17871259175607002,513.0,1360.0,1873.0,1180.0
455,TEXAS,CONCHO,5.0,0.0,0.0,7.0,0,0,2,0,0,2,0,4,0,0,0,0,1,0,8,0,0,4,2,14,0,0,0,1,8,30,0.26666666666666666,5.0,7.0,12.0,7.0
456,TEXAS,DELTA,6.0,3.0,6.0,8.0,0,3,2,0,0,2,0,4,0,0,0,0,0,4,18,0,0,9,1,28,0,0,0,0,11,60,0.18333333333333332,9.0,14.0,23.0,11.0
457,TEXAS,DICKENS,4.0,1.0,0.0,4.0,11,0,2,0,0,2,1,5,0,0,0,11,11,1,12,0,0,8,5,25,0,0,1,12,32,75,0.4266666666666667,5.0,4.0,9.0,5.0
458,TEXAS,EASTLAND,15.0,1.0,10.0,36.0,18,0,17,0,0,65,7,89,2,0,0,20,32,0,96,1,0,194,15,305,6,0,0,39,218,688,0.3168604651162791,16.0,46.0,62.0,37.0
459,TEXAS,ECTOR,143.0,39.0,72.0,250.0,648,3,463,9,0,1693,270,2426,41,0,98,796,907,15,1170,7,0,4349,687,6206,99,0,172,1185,6447,14797,0.4356964249510036,182.0,322.0,504.0,289.0
460,TEXAS,FALLS,17.0,0.0,6.0,22.0,4,0,0,1,0,1,3,4,0,0,0,5,17,0,37,1,0,58,15,110,0,0,1,19,18,258,0.06976744186046512,17.0,28.0,45.0,22.0
461,TEXAS,GAINES,14.0,5.0,11.0,28.0,6,0,3,0,0,43,1,47,2,0,0,8,15,1,64,0,0,159,12,235,4,0,1,20,110,511,0.21526418786692758,19.0,39.0,58.0,33.0
462,TEXAS,GILLESPIE,16.0,2.0,9.0,58.0,10,0,10,0,0,48,3,61,0,0,1,11,12,1,53,0,0,205,13,271,0,0,1,13,144,569,0.2530755711775044,18.0,67.0,85.0,60.0
463,TEXAS,GREGG,100.0,46.0,86.0,299.0,148,1,67,7,0,704,68,839,15,0,32,202,390,34,1001,17,0,3452,341,4794,79,0,135,621,2083,10864,0.19173416789396172,146.0,385.0,531.0,345.0
464,TEXAS,HALE,7.0,30.0,0.0,81.0,29,3,13,0,0,93,13,119,0,0,3,32,65,4,190,0,0,684,44,918,9,0,6,80,305,2000,0.1525,37.0,81.0,118.0,111.0
465,TEXAS,HANSFORD,5.0,0.0,1.0,11.0,5,0,0,0,0,7,0,7,1,0,0,6,8,0,0,0,0,11,0,11,0,0,0,8,26,38,0.6842105263157895,5.0,12.0,17.0,11.0
466,TEXAS,HOPKINS,32.0,1.0,19.0,55.0,28,4,39,0,0,102,16,157,6,0,2,36,37,8,71,0,0,241,28,340,9,0,6,52,390,792,0.49242424242424243,33.0,74.0,107.0,56.0
467,TEXAS,HUNT,65.0,13.0,68.0,141.0,119,4,182,6,0,312,89,583,9,0,11,145,198,15,466,6,0,1111,169,1746,36,0,48,288,1460,4083,0.3575802106294391,78.0,209.0,287.0,154.0
468,TEXAS,JACK,15.0,4.0,4.0,15.0,8,2,6,0,0,3,1,10,2,0,0,10,17,2,37,0,0,72,15,124,6,0,0,23,42,296,0.14189189189189189,19.0,19.0,38.0,19.0
469,TEXAS,JEFFERSON,248.0,73.0,169.0,550.0,974,7,416,9,0,1536,183,2135,87,0,191,1261,1258,66,2321,20,0,5446,541,8308,144,0,515,1937,6799,20556,0.3307550107024713,321.0,719.0,1040.0,623.0
470,TEXAS,JIM HOGG,6.0,0.0,12.0,18.0,2,0,4,0,0,5,0,9,0,0,0,2,2,0,4,0,0,5,0,9,0,0,0,2,22,22,1.0,6.0,30.0,36.0,18.0
471,TEXAS,JONES,14.0,2.0,9.0,23.0,15,1,17,3,0,32,10,59,1,0,0,19,15,2,52,3,0,114,20,186,0,0,2,20,157,414,0.37922705314009664,16.0,32.0,48.0,25.0
472,TEXAS,KERR,34.0,10.0,32.0,93.0,51,7,32,7,0,200,22,254,12,0,7,77,81,7,181,8,0,715,46,942,28,0,7,124,669,2139,0.3127629733520337,44.0,125.0,169.0,103.0
473,TEXAS,LA SALLE,52.0,3.0,62.0,22.0,5,0,0,0,0,1,0,1,1,0,0,6,6,0,5,0,0,49,1,55,1,0,0,7,14,124,0.11290322580645161,55.0,84.0,139.0,25.0
474,TEXAS,LAMB,18.0,3.0,8.0,27.0,15,0,8,0,0,13,6,27,0,0,1,16,48,8,68,0,0,139,25,232,5,0,2,55,86,582,0.14776632302405499,21.0,35.0,56.0,30.0
475,TEXAS,LAMPASAS,23.0,1.0,10.0,34.0,1,0,4,0,0,7,4,15,0,0,0,1,4,0,57,0,0,171,7,235,0,0,0,4,32,478,0.06694560669456066,24.0,44.0,68.0,35.0
476,TEXAS,LEON,13.0,2.0,5.0,27.0,16,0,9,0,0,23,12,44,2,0,0,18,26,0,87,0,0,129,15,231,2,0,0,28,124,518,0.23938223938223938,15.0,32.0,47.0,29.0
477,TEXAS,LOVING,1.0,0.0,0.0,4.0,0,0,0,0,0,0,0,0,0,0,0,0,0,0,0,0,0,10,1,11,0,0,0,0,0,22,0.0,1.0,4.0,5.0,4.0
478,TEXAS,MADISON,13.0,2.0,7.0,24.0,18,0,54,0,0,74,3,131,4,0,5,27,35,0,93,0,0,172,14,279,6,0,9,50,316,658,0.48024316109422494,15.0,31.0,46.0,26.0
479,TEXAS,MAVERICK,33.0,14.0,38.0,88.0,22,0,7,1,0,78,8,93,2,0,5,30,85,1,272,1,0,855,44,1171,9,0,10,105,246,2553,0.0963572267920094,47.0,126.0,173.0,102.0
480,TEXAS,MITCHELL,14.0,1.0,7.0,11.0,3,0,5,0,0,2,1,8,1,0,1,5,7,0,46,0,0,57,5,108,1,0,1,9,26,234,0.1111111111111111,15.0,18.0,33.0,12.0
481,TEXAS,NACOGDOCHES,53.0,5.0,40.0,124.0,78,0,56,1,0,294,24,374,13,0,13,105,115,2,280,1,0,856,62,1198,48,0,29,193,958,2784,0.34410919540229884,58.0,164.0,222.0,129.0
482,TEXAS,OLDHAM,5.0,0.0,0.0,6.0,3,0,3,0,0,0,0,3,0,0,0,3,3,0,5,0,0,3,0,8,0,0,0,3,12,22,0.5454545454545454,5.0,6.0,11.0,6.0
483,TEXAS,PECOS,18.0,6.0,7.0,32.0,21,0,13,1,0,36,0,49,0,0,1,23,45,2,88,1,0,182,11,281,6,0,2,54,144,672,0.21428571428571427,24.0,39.0,63.0,38.0
484,TEXAS,REFUGIO,15.0,2.0,9.0,20.0,27,0,8,0,0,12,5,25,1,0,1,29,29,0,14,0,0,42,10,66,1,0,1,31,108,194,0.5567010309278351,17.0,29.0,46.0,22.0
485,TEXAS,ROCKWALL,45.0,13.0,51.0,136.0,29,0,10,1,0,177,14,201,8,0,8,46,49,0,115,1,0,833,99,1047,25,0,11,86,494,2266,0.21800529567519858,58.0,187.0,245.0,149.0
486,TEXAS,SAN SABA,4.0,2.0,1.0,8.0,1,0,0,0,0,0,0,0,0,0,0,1,3,1,12,0,0,11,5,28,1,0,0,4,2,65,0.03076923076923077,6.0,9.0,15.0,10.0
487,TEXAS,SCURRY,23.0,6.0,9.0,23.0,11,0,12,1,0,69,4,85,2,0,1,15,16,0,104,0,0,261,7,372,3,0,1,20,200,784,0.25510204081632654,29.0,32.0,61.0,29.0
488,TEXAS,SHACKELFORD,6.0,0.0,2.0,4.0,0,0,2,0,0,1,0,3,1,0,0,1,1,0,9,0,0,18,5,32,1,0,0,2,8,68,0.11764705882352941,6.0,6.0,12.0,4.0
489,TEXAS,SUTTON,9.0,1.0,3.0,8.0,0,0,1,0,0,7,0,8,0,0,0,0,0,1,15,0,0,29,0,44,2,0,0,2,16,93,0.17204301075268819,10.0,11.0,21.0,9.0
490,TEXAS,THROCKMORTON,1.0,0.0,3.0,2.0,0,0,0,0,0,0,0,0,0,0,0,0,0,0,0,0,0,0,0,0,0,0,0,0,0,0,,1.0,5.0,6.0,2.0
491,TEXAS,VICTORIA,75.0,39.0,50.0,182.0,134,1,52,4,0,300,19,371,15,0,22,175,232,11,677,5,0,2011,131,2819,76,0,66,379,1093,6407,0.17059466208834087,114.0,232.0,346.0,221.0
492,TEXAS,WALKER,27.0,7.0,23.0,91.0,116,1,54,1,0,180,35,269,15,0,12,144,182,1,240,2,0,700,96,1036,47,0,32,263,827,2599,0.31819930742593305,34.0,114.0,148.0,98.0
493,TEXAS,WILSON,33.0,4.0,16.0,57.0,35,2,31,1,0,140,23,194,2,0,6,44,48,2,112,1,0,350,54,516,5,0,5,59,478,1152,0.4149305555555556,37.0,73.0,110.0,61.0
494,TEXAS,WINKLER,19.0,0.0,8.0,24.0,2,0,3,0,0,9,2,14,0,0,1,3,3,0,25,0,0,50,8,83,0,0,1,4,34,174,0.19540229885057472,19.0,32.0,51.0,24.0
495,UTAH,CACHE,62.0,8.0,68.0,141.0,33,1,54,1,0,411,34,499,13,0,5,52,40,10,212,2,0,1076,78,1366,36,0,8,86,1103,2914,0.3785175017158545,70.0,209.0,279.0,149.0
496,UTAH,CARBON,13.0,2.0,16.0,56.0,6,1,24,0,0,192,5,221,0,0,1,7,16,3,94,0,0,408,8,510,7,0,3,26,457,1075,0.42511627906976746,15.0,72.0,87.0,58.0
497,UTAH,PIUTE,1.0,0.0,0.0,4.0,0,0,2,0,0,1,0,3,0,0,0,0,2,0,6,0,0,7,0,13,0,0,0,2,6,30,0.2,1.0,4.0,5.0,4.0
498,VERMONT,BENNINGTON,13.0,5.0,4.0,59.0,40,0,23,4,0,136,10,169,3,0,7,54,45,0,112,4,0,434,26,572,5,0,10,64,446,1272,0.35062893081761004,18.0,63.0,81.0,64.0
499,VERMONT,FRANKLIN,6.0,3.0,3.0,63.0,42,0,22,5,0,143,6,171,2,0,2,51,53,5,140,5,0,605,7,752,9,0,5,72,444,1653,0.26860254083484575,9.0,66.0,75.0,66.0
500,VERMONT,GRAND ISLE,0.0,0.0,0.0,1.0,0,0,5,0,0,2,0,7,1,0,0,1,0,0,19,0,0,24,1,44,1,0,0,1,16,90,0.17777777777777778,0.0,1.0,1.0,1.0
501,VERMONT,WASHINGTON,35.0,18.0,15.0,220.0,41,3,43,2,0,186,0,229,7,0,2,52,44,5,197,2,0,810,6,1013,26,0,4,76,565,2183,0.2588181401740724,53.0,235.0,288.0,238.0
502,VERMONT,WINDHAM,18.0,5.0,6.0,52.0,22,1,16,0,0,91,4,111,2,0,9,33,24,2,87,0,0,520,19,626,5,0,17,46,289,1346,0.21471025260029716,23.0,58.0,81.0,57.0
503,VIRGINIA,ALLEGHANY,20.0,7.0,1.0,49.0,16,1,6,0,0,18,5,29,3,0,1,20,36,2,31,0,0,87,9,127,4,0,1,41,99,338,0.29289940828402367,27.0,50.0,77.0,56.0
504,VIRGINIA,APPOMATTOX,1.0,2.0,0.0,20.0,8,0,1,0,0,28,1,30,2,0,0,10,11,0,19,1,0,110,5,134,5,0,2,19,80,306,0.26143790849673204,3.0,20.0,23.0,22.0
505,VIRGINIA,ARLINGTON,96.0,108.0,58.0,470.0,136,2,56,1,0,550,34,640,20,0,30,187,209,5,169,1,0,3354,175,3698,58,0,105,373,1656,8147,0.2032650055235056,204.0,528.0,732.0,578.0
506,VIRGINIA,BLAND,4.0,0.0,4.0,10.0,1,0,3,0,0,4,0,7,0,0,0,1,1,0,11,0,0,45,3,59,1,0,0,2,16,122,0.13114754098360656,4.0,14.0,18.0,10.0
507,VIRGINIA,BOTETOURT,19.0,11.0,4.0,85.0,21,0,22,0,0,73,12,107,8,0,1,30,23,1,34,0,0,190,13,237,13,0,1,37,274,549,0.4990892531876138,30.0,89.0,119.0,96.0
508,VIRGINIA,BRUNSWICK,8.0,1.0,3.0,32.0,4,0,5,0,0,14,3,22,4,0,0,8,8,0,27,0,0,64,5,96,12,0,1,21,60,234,0.2564102564102564,9.0,35.0,44.0,33.0
509,VIRGINIA,CARROLL,2.0,2.0,5.0,47.0,8,0,10,0,0,43,9,62,5,0,0,13,17,7,98,0,0,280,55,433,7,0,1,25,150,923,0.16251354279523295,4.0,52.0,56.0,49.0
510,VIRGINIA,CHARLES CITY,6.0,1.0,0.0,9.0,3,1,5,0,0,2,2,9,0,0,0,3,3,1,14,0,0,27,4,45,1,0,0,4,25,99,0.25252525252525254,7.0,9.0,16.0,10.0
511,VIRGINIA,FRANKLIN,17.0,11.0,6.0,91.0,56,4,25,0,0,207,28,260,15,0,5,76,68,7,99,1,0,578,44,721,21,0,6,96,676,1641,0.41194393662400974,28.0,97.0,125.0,102.0
512,VIRGINIA,GLOUCESTER,15.0,8.0,0.0,75.0,15,0,24,1,0,149,14,187,8,0,3,27,22,4,61,1,0,409,37,507,13,0,6,42,428,1102,0.38838475499092556,23.0,75.0,98.0,83.0
513,VIRGINIA,LOUISA,11.0,2.0,6.0,51.0,24,0,3,0,0,28,4,35,1,0,1,26,45,5,42,3,0,352,26,420,11,0,4,63,122,971,0.12564366632337795,13.0,57.0,70.0,53.0
514,VIRGINIA,LUNENBURG,6.0,2.0,0.0,20.0,10,0,0,1,0,4,3,7,1,0,1,13,14,1,22,1,0,49,6,77,4,0,1,20,40,195,0.20512820512820512,8.0,20.0,28.0,22.0
515,VIRGINIA,RICHMOND,14.0,6.0,2.0,26.0,7,0,2,0,0,7,2,11,2,0,0,9,9,0,14,0,0,53,5,72,1,0,0,10,40,164,0.24390243902439024,20.0,28.0,48.0,32.0
516,VIRGINIA,ROANOKE,15.0,24.0,1.0,140.0,108,1,48,0,0,428,21,497,20,0,9,137,142,3,186,1,0,1156,58,1400,28,0,18,189,1269,3181,0.3989311537252436,39.0,141.0,180.0,164.0
517,VIRGINIA,RUSSELL,10.0,3.0,7.0,47.0,31,1,13,0,0,117,3,133,24,0,2,57,38,8,88,1,0,259,14,361,15,0,4,58,381,846,0.450354609929078,13.0,54.0,67.0,50.0
518,VIRGINIA,WASHINGTON,14.0,8.0,10.0,83.0,49,1,19,1,0,243,19,281,5,0,3,58,67,6,164,1,0,725,63,952,18,0,4,90,679,2090,0.3248803827751196,22.0,93.0,115.0,91.0
519,VIRGINIA,WISE,18.0,5.0,1.0,102.0,26,1,19,2,0,96,7,122,11,0,2,41,31,8,103,2,0,470,25,598,47,0,4,84,327,1372,0.23833819241982507,23.0,103.0,126.0,107.0
520,VIRGINIA,WYTHE,11.0,5.0,8.0,62.0,27,0,8,0,0,91,12,111,3,0,2,32,31,4,35,1,0,328,27,390,4,0,3,39,286,862,0.33178654292343385,16.0,70.0,86.0,67.0
521,VIRGINIA,YORK,8.0,10.0,0.0,76.0,34,1,42,4,0,380,16,438,30,0,20,88,50,7,125,4,0,1105,45,1275,36,0,34,124,1053,2805,0.3754010695187166,18.0,76.0,94.0,86.0
522,WASHINGTON,ADAMS,13.0,0.0,13.0,34.0,12,0,22,1,0,59,19,100,3,0,3,19,24,1,141,1,0,327,68,536,7,0,8,40,238,1153,0.20641803989592367,13.0,47.0,60.0,34.0
523,WASHINGTON,ASOTIN,5.0,1.0,13.0,29.0,20,2,25,1,0,154,0,179,2,0,2,25,28,2,110,1,0,607,34,751,10,0,2,41,410,1586,0.25851197982345525,6.0,42.0,48.0,30.0
524,WASHINGTON,CLALLAM,38.0,14.0,19.0,124.0,124,5,80,1,0,368,23,471,13,0,6,144,163,11,448,4,0,1377,105,1930,51,0,11,229,1235,4329,0.2852852852852853,52.0,143.0,195.0,138.0
525,WASHINGTON,KING,782.0,411.0,388.0,2788.0,2007,69,1240,28,0,7968,787,9995,168,26,704,2933,3962,333,16539,57,0,63785,12676,93000,622,181,2736,7558,25925,201449,0.12869262195394368,1193.0,3176.0,4369.0,3199.0
526,WASHINGTON,LEWIS,28.0,4.0,2.0,85.0,67,2,90,1,0,376,21,487,11,0,19,98,83,10,444,1,0,1585,208,2237,23,0,29,136,1172,4756,0.2464255677039529,32.0,87.0,119.0,89.0
527,WASHINGTON,LINCOLN,3.0,0.0,7.0,17.0,8,1,16,0,0,22,9,47,0,0,2,10,8,2,54,0,0,90,19,163,2,0,2,12,115,352,0.32670454545454547,3.0,24.0,27.0,17.0
528,WASHINGTON,PEND OREILLE,10.0,1.0,12.0,29.0,13,1,6,0,0,24,1,31,3,0,1,17,18,2,72,0,0,237,28,337,8,0,1,27,97,730,0.13287671232876713,11.0,41.0,52.0,30.0
529,WASHINGTON,SAN JUAN,6.0,1.0,6.0,19.0,4,0,4,1,0,8,0,12,0,0,0,5,7,3,35,1,0,136,6,177,1,0,1,10,34,377,0.09018567639257294,7.0,25.0,32.0,20.0
530,WASHINGTON,SKAMANIA,3.0,1.0,0.0,16.0,4,0,3,0,0,3,2,8,1,0,0,5,7,0,21,0,0,43,6,70,1,0,0,8,26,156,0.16666666666666666,4.0,16.0,20.0,17.0
531,WASHINGTON,WALLA WALLA,21.0,4.0,14.0,78.0,47,0,38,2,0,208,14,260,6,0,7,62,101,18,345,2,0,1416,158,1919,36,0,20,159,644,4174,0.15428845232390992,25.0,92.0,117.0,82.0
532,WEST VIRGINIA,BARBOUR,1.0,0.0,1.0,23.0,40,0,7,0,0,21,3,31,3,0,0,43,69,2,56,1,0,98,11,165,4,0,1,75,148,482,0.3070539419087137,1.0,24.0,25.0,23.0
533,WEST VIRGINIA,BROOKE,10.0,2.0,2.0,35.0,12,0,7,0,0,40,2,49,1,0,0,13,19,0,31,0,0,84,6,121,3,0,2,24,124,290,0.42758620689655175,12.0,37.0,49.0,37.0
534,WEST VIRGINIA,CABELL,22.0,7.0,20.0,208.0,87,2,63,4,0,515,20,598,9,0,24,124,282,23,1039,5,0,2583,175,3797,54,0,133,474,1446,8565,0.16882661996497372,29.0,228.0,257.0,215.0
535,WEST VIRGINIA,LOGAN,9.0,2.0,3.0,56.0,75,1,22,0,0,56,10,88,5,0,4,84,143,5,88,2,0,219,28,335,14,0,11,170,345,1015,0.3399014778325123,11.0,59.0,70.0,58.0
536,WEST VIRGINIA,MINERAL,5.0,2.0,5.0,39.0,25,4,17,1,0,50,5,72,3,0,2,31,41,8,69,1,0,168,11,248,8,0,3,53,210,610,0.3442622950819672,7.0,44.0,51.0,41.0
537,WEST VIRGINIA,MINGO,11.0,0.0,1.0,48.0,29,0,13,3,0,18,2,33,1,0,2,35,45,3,32,3,0,96,10,138,8,0,1,57,136,393,0.3460559796437659,11.0,49.0,60.0,48.0
538,WEST VIRGINIA,MONROE,1.0,0.0,0.0,14.0,14,0,5,0,0,6,0,11,3,0,0,17,13,2,30,0,0,43,4,77,3,0,0,16,56,188,0.2978723404255319,1.0,14.0,15.0,14.0
539,WEST VIRGINIA,OHIO,9.0,6.0,3.0,119.0,79,1,30,0,0,84,5,119,3,0,7,89,265,3,227,1,0,576,39,842,22,0,30,318,417,2323,0.17950925527335343,15.0,122.0,137.0,125.0
540,WEST VIRGINIA,PENDLETON,1.0,0.0,0.0,10.0,6,0,2,0,0,1,1,4,0,0,0,6,12,0,6,0,0,9,5,20,1,0,0,13,20,66,0.30303030303030304,1.0,10.0,11.0,10.0
541,WEST VIRGINIA,TYLER,2.0,1.0,0.0,18.0,6,0,7,0,0,2,3,12,2,0,0,8,15,1,24,0,0,25,3,52,4,0,0,19,40,143,0.27972027972027974,3.0,18.0,21.0,19.0
542,WEST VIRGINIA,UPSHUR,2.0,0.0,3.0,33.0,7,0,8,1,0,95,8,111,4,0,2,14,11,2,47,1,0,295,31,373,5,0,3,20,250,788,0.31725888324873097,2.0,36.0,38.0,33.0
543,WEST VIRGINIA,WEBSTER,1.0,0.0,2.0,17.0,44,0,5,0,0,12,2,19,1,0,0,45,43,0,12,0,0,21,6,39,0,0,0,43,128,164,0.7804878048780488,1.0,19.0,20.0,17.0
544,WISCONSIN,BARRON,22.0,6.0,16.0,58.0,16,0,24,0,0,128,5,157,1,0,0,17,20,1,129,0,0,391,15,535,5,0,1,26,348,1123,0.3098842386464826,28.0,74.0,102.0,64.0
545,WISCONSIN,BROWN,112.0,49.0,109.0,434.0,314,3,107,6,0,1216,47,1370,35,0,39,394,454,12,730,11,0,3361,172,4263,112,0,78,655,3531,9848,0.35854995938261575,161.0,543.0,704.0,483.0
546,WISCONSIN,COLUMBIA,43.0,8.0,38.0,92.0,44,2,35,3,0,173,10,218,1,3,3,54,59,4,111,4,0,632,24,767,8,6,4,81,546,1700,0.3211764705882353,51.0,130.0,181.0,100.0
547,WISCONSIN,DODGE,61.0,12.0,49.0,130.0,42,0,34,1,0,247,9,290,4,1,4,52,53,3,166,1,0,680,17,863,15,1,6,76,684,1881,0.36363636363636365,73.0,179.0,252.0,142.0
548,WISCONSIN,GREEN,19.0,9.0,7.0,64.0,20,0,6,0,0,41,2,49,0,2,0,22,24,0,65,0,0,291,12,368,0,5,0,29,142,794,0.17884130982367757,28.0,71.0,99.0,73.0
549,WISCONSIN,JACKSON,18.0,5.0,9.0,27.0,9,0,13,2,0,55,6,74,0,1,0,12,12,1,79,0,0,152,31,262,0,5,3,20,172,565,0.30442477876106194,23.0,36.0,59.0,32.0
550,WISCONSIN,ROCK,77.0,28.0,61.0,278.0,168,2,120,3,0,983,54,1157,0,19,41,231,220,22,558,3,0,2885,127,3570,0,57,90,370,2778,7902,0.35155656795747914,105.0,339.0,444.0,306.0
551,WISCONSIN,SAWYER,13.0,7.0,10.0,26.0,11,1,23,1,0,25,6,54,1,0,1,14,22,2,66,1,0,187,14,267,4,0,3,30,137,596,0.22986577181208054,20.0,36.0,56.0,33.0
552,WISCONSIN,TAYLOR,14.0,2.0,10.0,29.0,15,1,5,1,0,76,8,89,0,0,0,16,18,1,15,1,0,205,13,233,0,2,0,21,211,509,0.41453831041257366,16.0,39.0,55.0,31.0
553,WISCONSIN,VILAS,25.0,7.0,12.0,47.0,48,0,38,0,0,170,10,218,9,1,1,59,50,1,120,0,0,385,15,520,11,1,1,63,554,1167,0.47472150814053127,32.0,59.0,91.0,54.0
554,WYOMING,CARBON,28.0,4.0,3.0,37.0,17,2,7,0,0,85,9,101,6,0,1,24,17,2,49,0,0,257,22,328,7,0,1,25,252,708,0.3559322033898305,32.0,40.0,72.0,41.0
555,WYOMING,FREMONT,18.0,8.0,5.0,93.0,124,1,26,1,0,391,33,450,5,0,3,133,190,4,104,1,0,986,106,1196,28,0,5,224,1167,2844,0.410337552742616,26.0,98.0,124.0,101.0
556,WYOMING,LARAMIE,135.0,20.0,123.0,288.0,93,0,16,5,0,138,14,168,7,0,5,110,183,7,477,8,0,2204,258,2939,36,0,18,245,556,6375,0.0872156862745098,155.0,411.0,566.0,308.0
557,WYOMING,SUBLETTE,4.0,1.0,0.0,27.0,0,0,3,0,0,19,1,23,0,0,1,1,2,0,5,0,0,69,5,79,0,0,1,3,48,164,0.2926829268292683,5.0,27.0,32.0,28.0
558,WYOMING,UINTA,17.0,6.0,1.0,54.0,10,0,12,1,0,123,6,141,0,0,0,11,13,0,29,2,0,361,17,407,2,0,2,19,304,852,0.3568075117370892,23.0,55.0,78.0,60.0
559,WYOMING,WASHAKIE,3.0,3.0,0.0,21.0,0,0,7,0,0,27,2,36,0,0,0,0,3,0,22,0,0,50,4,76,3,0,0,6,72,164,0.43902439024390244,6.0,21.0,27.0,24.0
