,Unnamed: 0,State,County,Female Civilians,Female Officers,Male Civilians,Male Officers,Crime Cleared Count aggravated-assault,Crime Cleared Count arson,Crime Cleared Count burglary,Crime Cleared Count homicide,Crime Cleared Count human-trafficing,Crime Cleared Count larceny,Crime Cleared Count motor-vehicle-theft,Crime Cleared Count property-crime,Crime Cleared Count rape,Crime Cleared Count rape-legacy,Crime Cleared Count robbery,Crime Cleared Count violent-crime,Total Crime Count aggravated-assault,Total Crime Count arson,Total Crime Count burglary,Total Crime Count homicide,Total Crime Count human-trafficing,Total Crime Count larceny,Total Crime Count motor-vehicle-theft,Total Crime Count property-crime,Total Crime Count rape,Total Crime Count rape-legacy,Total Crime Count robbery,Total Crime Count violent-crime,Total Cleared,Total Crime,Total Clear Rate,Total Female Workforce,Total Male Workforce,Total Workforce,Total Officers,Total Violent Cleared,Total Non-Violent Cleared,Total Violent Crime,Total Non-Violent Crime
0,0,ALABAMA,BLOUNT,14,3,11,49,65,3,36,1,0,148,29,213,13,0,5,84,402,12,320,1,0,754,142,1216,20,0,10,433,597,3310,0.180362538,17,60,77,52,168,429,866,2444
1,1,ALABAMA,BUTLER,9,0,4,51,37,1,43,3,0,157,7,207,5,0,12,57,90,5,111,5,0,421,23,555,6,0,16,117,529,1349,0.392142328,9,55,64,51,114,415,234,1115
2,2,ALABAMA,CHILTON,5,6,1,65,65,2,42,0,0,191,20,253,4,0,1,70,277,8,344,0,0,735,90,1169,17,0,6,300,648,2946,0.219959267,11,66,77,71,140,508,600,2346
3,3,ALABAMA,COVINGTON,13,4,10,72,98,0,43,2,0,257,24,324,8,0,5,113,119,4,156,2,0,579,48,783,21,0,9,151,874,1872,0.466880342,17,82,99,76,226,648,302,1570
4,4,ALABAMA,CRENSHAW,5,0,2,23,7,0,3,0,0,13,2,18,0,0,0,7,18,0,54,1,0,98,10,162,0,0,2,21,50,366,0.136612022,5,25,30,23,14,36,42,324
5,5,ALABAMA,ETOWAH,73,15,69,241,111,5,97,1,0,198,69,364,27,0,10,149,562,17,693,6,0,2552,362,3607,61,0,71,700,1031,8631,0.119453134,88,310,398,256,298,733,1400,7231
6,6,ALABAMA,HENRY,18,0,2,38,11,0,9,0,0,22,6,37,1,0,3,15,26,5,70,0,0,142,21,233,5,0,4,35,104,541,0.192236599,18,40,58,38,30,74,70,471
7,7,ALABAMA,JEFFERSON,463,263,214,1959,985,25,641,62,0,1887,499,3027,82,0,398,1527,3940,229,6342,104,0,16108,2350,24800,297,0,1493,5834,9133,61497,0.148511309,726,2173,2899,2222,3054,6079,11668,49829
8,8,ALABAMA,LAWRENCE,9,1,11,49,22,1,13,0,0,36,12,61,7,0,4,33,68,9,127,0,0,234,40,401,8,0,7,83,189,977,0.193449335,10,60,70,50,66,123,166,811
9,9,ALABAMA,MACON,34,5,20,41,9,0,4,1,0,15,2,21,1,0,0,11,114,9,195,6,0,319,46,560,11,0,7,138,64,1405,0.045551601,39,61,100,46,22,42,276,1129
10,10,ALABAMA,RANDOLPH,15,2,10,48,9,0,12,0,0,52,8,72,1,0,3,13,46,2,112,0,0,260,33,405,7,0,12,65,170,942,0.180467091,17,58,75,50,26,144,130,812
11,11,ALABAMA,SUMTER,12,3,2,30,5,0,0,1,0,7,0,7,0,0,0,6,25,3,24,1,0,64,5,93,3,0,5,34,26,257,0.101167315,15,32,47,33,12,14,68,189
12,12,ALASKA,WRANGELL CITY AND BOROUGH,7,0,0,6,0,0,1,0,0,3,2,6,0,0,0,0,0,0,1,0,0,17,3,21,0,0,0,0,12,42,0.285714286,7,6,13,6,0,12,0,42
13,13,ARIZONA,MARICOPA,3315,851,2820,7236,4583,113,1950,124,0,17907,1263,21120,345,0,1314,6366,11417,518,24197,238,0,89826,12909,126932,2048,0,5135,18838,55085,292058,0.188609797,4166,10056,14222,8087,12732,42353,37676,254382
14,14,ARIZONA,PIMA,788,244,755,1610,1173,41,508,28,0,4840,259,5607,64,0,260,1525,3102,214,6153,49,0,34736,2725,43614,596,0,1445,5192,14305,97826,0.146229019,1032,2365,3397,1854,3050,11255,10384,87442
15,15,ARIZONA,SANTA CRUZ,31,6,36,85,25,0,79,0,0,125,49,253,2,0,1,28,63,0,153,0,0,394,153,700,2,0,3,68,562,1536,0.365885417,37,121,158,91,56,506,136,1400
16,16,ARKANSAS,BRADLEY,8,3,1,14,9,0,16,2,0,9,0,25,0,0,2,13,22,0,114,2,0,52,7,173,5,0,5,34,76,414,0.183574879,11,15,26,17,26,50,68,346
17,17,ARKANSAS,CALHOUN,3,0,3,9,9,0,5,0,0,3,0,8,0,0,0,9,10,1,25,0,0,38,4,67,2,0,1,13,34,161,0.211180124,3,12,15,9,18,16,26,135
18,18,ARKANSAS,CARROLL,11,2,1,52,41,0,10,2,0,47,4,61,6,0,3,52,63,2,113,3,0,303,30,446,31,0,3,100,226,1094,0.206581353,13,53,66,54,104,122,200,894
19,19,ARKANSAS,CLAY,11,0,9,26,15,0,9,1,0,17,1,27,1,0,0,17,21,1,41,1,0,121,9,171,10,0,1,33,88,409,0.215158924,11,35,46,26,34,54,66,343
20,20,ARKANSAS,CRAWFORD,30,7,28,87,123,0,93,3,0,200,22,315,23,0,6,155,223,3,451,3,0,1141,122,1714,54,0,10,290,940,4011,0.234355522,37,115,152,94,310,630,580,3431
21,21,ARKANSAS,LINCOLN,8,0,5,14,9,0,3,0,0,9,1,13,0,0,0,9,21,0,47,0,0,91,15,153,4,0,0,25,44,356,0.123595506,8,19,27,14,18,26,50,306
22,22,ARKANSAS,LONOKE,34,5,27,109,120,0,56,3,0,190,21,267,27,0,12,162,179,5,311,3,0,991,156,1458,61,0,23,266,858,3453,0.248479583,39,136,175,114,324,534,532,2921
23,23,ARKANSAS,MISSISSIPPI,49,6,32,110,143,1,114,10,0,205,13,332,15,0,32,200,290,7,698,13,0,996,75,1769,39,0,87,429,1065,4403,0.241880536,55,142,197,116,400,665,858,3545
24,24,ARKANSAS,MONROE,10,3,6,17,16,0,2,0,0,6,0,8,0,0,1,17,32,2,44,0,0,137,16,197,2,0,1,35,50,466,0.107296137,13,23,36,20,34,16,70,396
25,25,ARKANSAS,UNION,30,11,14,76,115,0,51,2,0,129,9,189,0,0,9,126,190,5,631,5,0,632,72,1335,12,0,36,243,630,3161,0.199304018,41,90,131,87,252,378,486,2675
26,26,CALIFORNIA,COLUSA,27,3,8,45,10,0,7,0,0,22,11,40,1,0,3,14,33,0,121,0,0,210,26,357,5,0,8,46,108,806,0.133995037,30,53,83,48,28,80,92,714
27,27,CALIFORNIA,CONTRA COSTA,503,218,210,1505,713,27,288,24,0,1763,363,2414,74,0,303,1114,1971,194,4097,52,0,16534,6399,27030,291,0,1458,3772,7083,61798,0.11461536,721,1715,2436,1723,2228,4855,7544,54254
28,28,CALIFORNIA,DEL NORTE,18,2,17,40,58,0,68,0,0,80,5,153,8,0,9,75,125,7,293,0,0,189,26,508,32,0,18,175,456,1373,0.332119446,20,57,77,42,150,306,350,1023
29,29,CALIFORNIA,LAKE,46,6,42,82,64,2,63,2,0,112,28,203,7,0,22,95,271,21,627,3,0,779,340,1746,39,0,66,379,598,4271,0.140014048,52,124,176,88,190,408,758,3513
30,30,CALIFORNIA,MARIN,127,61,40,333,121,7,77,1,0,392,31,500,17,0,44,183,235,23,745,3,0,3074,500,4319,48,0,151,437,1373,9535,0.143995805,188,373,561,394,366,1007,874,8661
31,31,CALIFORNIA,MERCED,132,22,91,265,581,21,149,9,0,629,134,912,15,0,75,680,1165,117,1830,6,0,4395,1433,7658,79,0,238,1488,3205,18409,0.174099625,154,356,510,287,1360,1845,2976,15433
32,32,CALIFORNIA,MONO,9,1,11,30,16,0,6,0,0,10,0,16,1,0,1,18,24,0,39,2,0,111,12,162,7,0,4,37,68,398,0.170854271,10,41,51,31,36,32,74,324
33,33,CALIFORNIA,SAN MATEO,349,114,246,949,549,11,350,11,0,1678,240,2268,98,0,196,854,906,78,3017,9,0,10249,1627,14893,254,0,465,1634,6255,33132,0.188790293,463,1195,1658,1063,1708,4547,3268,29864
34,34,CALIFORNIA,SIERRA,1,0,5,11,9,0,1,0,0,0,0,1,0,0,0,9,14,1,8,0,0,18,0,26,0,0,0,14,20,81,0.24691358,1,16,17,11,18,2,28,53
35,35,CALIFORNIA,TRINITY,9,6,0,29,53,0,101,3,0,133,0,234,3,0,6,65,54,0,101,3,0,138,60,299,3,0,6,66,598,730,0.819178082,15,29,44,35,130,468,132,598
36,36,CALIFORNIA,TUOLUMNE,43,3,28,69,72,5,71,1,0,177,29,277,19,0,11,103,117,12,436,1,0,721,115,1272,54,0,15,187,765,2930,0.26109215,46,97,143,72,206,559,374,2556
37,37,CALIFORNIA,VENTURA,483,139,241,1157,586,18,305,22,0,1706,192,2203,58,0,226,892,1143,105,2835,31,0,11581,1626,16042,257,0,721,2152,6208,36493,0.170114817,622,1398,2020,1296,1784,4424,4304,32189
38,38,COLORADO,ALAMOSA,6,9,16,46,3,0,3,0,0,9,0,12,0,0,0,3,6,0,21,0,0,109,8,138,5,0,0,11,30,298,0.100671141,15,62,77,55,6,24,22,276
39,39,COLORADO,CLEAR CREEK,21,1,24,38,25,17,3,1,0,11,2,16,4,0,1,31,39,19,23,1,0,108,12,143,11,0,1,52,111,409,0.271393643,22,62,84,39,62,49,104,305
40,40,COLORADO,COSTILLA,3,0,0,6,0,0,0,0,0,0,0,0,0,0,0,0,0,0,0,0,0,0,0,0,0,0,0,0,0,0,,3,6,9,6,0,0,0,0
41,41,COLORADO,CUSTER,8,1,5,9,6,0,3,0,0,14,5,22,1,0,0,7,6,5,22,0,0,70,7,99,1,0,0,7,58,217,0.267281106,9,14,23,10,14,44,14,203
42,42,COLORADO,DELTA,26,3,10,61,4,2,9,0,0,77,5,91,1,0,1,6,7,4,105,0,0,348,44,497,19,0,1,27,196,1052,0.186311787,29,71,100,64,12,184,54,998
43,43,COLORADO,ELBERT,8,4,0,44,1,0,1,0,0,5,1,7,1,0,0,2,1,0,2,0,0,5,2,9,1,0,0,2,18,22,0.818181818,12,44,56,48,4,14,4,18
44,44,COLORADO,GILPIN,23,11,5,52,3,0,0,0,0,70,4,74,3,0,0,6,4,1,14,0,0,216,16,246,7,0,1,12,160,517,0.309477756,34,57,91,63,12,148,24,493
45,45,COLORADO,HINSDALE,1,0,0,4,3,0,0,0,0,1,0,1,0,0,0,3,3,0,2,0,0,4,0,6,1,0,0,4,8,20,0.4,1,4,5,4,6,2,8,12
46,46,COLORADO,LAS ANIMAS,14,1,13,34,7,1,14,0,0,84,3,101,0,0,5,12,17,7,151,0,0,322,19,492,3,0,12,32,227,1055,0.215165877,15,47,62,35,24,203,64,991
47,47,COLORADO,MOFFAT,6,10,2,48,11,0,3,0,0,73,2,78,5,0,1,17,12,3,26,0,0,247,10,283,7,0,3,22,190,613,0.30995106,16,50,66,58,34,156,44,569
48,48,COLORADO,MONTEZUMA,34,7,35,66,31,2,17,0,0,92,5,114,0,0,1,32,49,4,63,1,0,330,13,406,2,0,3,55,294,926,0.3174946,41,101,142,73,64,230,110,816
49,49,CONNECTICUT,HARTFORD,236,203,185,1733,733,102,413,16,0,3233,241,3887,97,0,277,1123,1215,263,2806,22,0,15088,2223,20117,244,0,822,2303,10122,45103,0.224419662,439,1918,2357,1936,2246,7876,4606,40497
50,50,FLORIDA,DUVAL,572,290,679,1710,1597,27,752,63,0,3312,570,4634,254,0,396,2310,3586,89,6166,106,0,24466,3218,33850,540,0,1523,5755,13915,79299,0.175475101,862,2389,3251,2000,4620,9295,11510,67789
51,51,FLORIDA,FLAGLER,12,31,53,182,150,3,30,0,0,254,27,311,7,0,13,170,206,8,334,0,0,1405,105,1844,20,0,32,258,965,4212,0.229107312,43,235,278,213,340,625,516,3696
52,52,FLORIDA,GLADES,42,1,29,28,18,0,4,0,0,10,2,16,2,0,1,21,25,0,33,0,0,85,10,128,2,0,2,29,74,314,0.23566879,43,57,100,29,42,32,58,256
53,53,FLORIDA,GULF,12,1,1,34,47,1,10,0,0,24,1,35,3,0,3,53,54,2,81,0,0,123,5,209,3,0,3,60,177,540,0.327777778,13,35,48,35,106,71,120,420
54,54,FLORIDA,HILLSBOROUGH,1136,358,1362,2002,2017,22,1083,34,0,4941,617,6641,198,0,437,2686,2857,146,4493,63,0,17552,2008,24053,280,0,903,4103,18676,56458,0.330794573,1494,3364,4858,2360,5372,13304,8206,48252
55,55,FLORIDA,LIBERTY,12,3,11,14,1,0,0,1,0,0,0,0,0,0,0,2,1,0,1,1,0,4,2,7,0,0,0,2,4,18,0.222222222,15,25,40,17,4,0,4,14
56,56,FLORIDA,OKEECHOBEE,43,16,9,128,88,0,43,4,0,183,24,250,7,0,9,108,115,0,246,5,0,939,87,1272,19,0,17,156,716,2856,0.25070028,59,137,196,144,216,500,312,2544
57,57,FLORIDA,PASCO,320,63,306,598,839,16,347,10,0,2275,320,2942,103,0,108,1060,1242,59,2041,12,0,7758,752,10551,183,0,216,1653,8020,24467,0.32778845,383,904,1287,661,2120,5900,3306,21161
58,58,FLORIDA,WAKULLA,34,10,8,59,31,0,22,2,0,90,6,118,1,0,1,35,44,2,134,1,0,350,20,504,3,0,4,52,306,1114,0.274685817,44,67,111,69,70,236,104,1010
59,59,GEORGIA,BARTOW,26,42,7,238,74,4,89,0,0,524,64,677,4,3,8,89,346,8,710,0,0,2361,307,3378,8,28,55,437,1536,7638,0.201099764,68,245,313,280,178,1358,874,6764
60,60,GEORGIA,BERRIEN,4,1,5,30,6,0,32,0,0,105,6,143,0,5,5,16,19,1,114,0,0,353,10,477,0,13,12,44,318,1043,0.304889741,5,35,40,31,32,286,88,955
61,61,GEORGIA,BRANTLEY,19,2,11,19,9,0,14,0,0,50,2,66,0,0,2,11,28,0,124,0,0,345,15,484,0,7,5,40,154,1048,0.146946565,21,30,51,21,22,132,80,968
62,62,GEORGIA,CAMDEN,38,18,26,111,0,0,4,0,0,4,1,9,0,0,0,0,59,2,164,0,0,446,26,636,0,1,9,69,18,1412,0.012747875,56,137,193,129,0,18,138,1274
63,63,GEORGIA,CHATTOOGA,8,7,11,42,4,0,4,0,0,46,2,52,0,0,2,6,22,0,107,0,0,291,12,410,2,0,4,28,116,876,0.132420091,15,53,68,49,12,104,56,820
64,64,GEORGIA,CLINCH,4,2,3,20,16,0,12,0,0,54,7,73,0,0,2,18,23,1,48,0,0,151,12,211,0,0,5,28,182,479,0.379958246,6,23,29,22,36,146,56,423
65,65,GEORGIA,COLUMBIA,61,38,49,232,18,0,33,12,0,394,12,439,0,1,5,36,37,4,246,9,0,1833,80,2159,0,11,20,77,950,4476,0.212243074,99,281,380,270,72,878,154,4322
66,66,GEORGIA,CRAWFORD,14,1,4,16,15,0,17,0,0,44,2,63,0,1,0,16,19,0,62,0,0,167,23,252,0,2,2,23,158,550,0.287272727,15,20,35,17,32,126,46,504
67,67,GEORGIA,CRISP,17,14,3,75,17,0,81,1,0,495,7,583,0,0,2,20,37,0,164,2,0,694,23,881,0,2,10,51,1206,1864,0.646995708,31,78,109,89,40,1166,102,1762
68,68,GEORGIA,DODGE,15,4,23,29,7,0,9,0,0,34,4,47,0,0,0,7,54,0,149,0,0,614,19,782,0,6,9,69,108,1702,0.063454759,19,52,71,33,14,94,138,1564
69,69,GEORGIA,DOOLY,28,5,16,35,15,1,17,0,0,72,1,90,0,1,2,18,16,1,30,0,0,130,15,175,0,1,4,21,217,393,0.55216285,33,51,84,40,36,181,42,351
70,70,GEORGIA,GRADY,17,2,11,40,11,0,13,0,0,149,8,170,0,1,2,14,38,0,122,0,0,306,27,455,0,1,6,45,368,1000,0.368,19,51,70,42,28,340,90,910
71,71,GEORGIA,HART,13,3,13,48,14,0,11,1,0,129,5,145,0,0,0,15,82,0,154,0,0,529,18,701,4,1,4,91,320,1584,0.202020202,16,61,77,51,30,290,182,1402
72,72,GEORGIA,HENRY,65,33,21,293,119,0,106,7,0,919,56,1081,1,14,50,191,196,14,1171,8,0,3839,504,5514,1,44,140,389,2544,11820,0.215228426,98,314,412,326,382,2162,778,11042
73,73,GEORGIA,JEFFERSON,8,16,0,47,10,0,6,1,0,27,4,37,0,0,0,11,43,0,118,2,0,252,13,383,1,4,7,57,96,880,0.109090909,24,47,71,63,22,74,114,766
74,74,GEORGIA,LAURENS,19,21,12,145,68,0,33,0,0,197,11,241,0,2,8,78,141,1,386,2,0,973,76,1435,0,15,48,206,638,3283,0.19433445,40,157,197,166,156,482,412,2871
75,75,GEORGIA,LINCOLN,11,2,5,14,10,0,11,1,0,72,3,86,0,0,0,11,27,0,39,2,0,153,8,200,0,2,1,32,194,464,0.418103448,13,19,32,16,22,172,64,400
76,76,GEORGIA,LUMPKIN,10,6,12,55,1,1,2,1,0,15,1,18,0,0,1,3,1,3,102,1,0,338,21,461,7,0,3,12,43,949,0.045310854,16,67,83,61,6,37,24,925
77,77,GEORGIA,MCINTOSH,13,7,11,42,7,2,21,0,0,41,7,69,0,0,0,7,13,3,100,0,0,214,20,334,0,5,7,25,154,721,0.213592233,20,53,73,49,14,140,50,671
78,78,GEORGIA,MURRAY,20,5,13,59,1,0,81,0,0,150,34,265,0,1,0,2,213,0,247,0,0,607,135,989,0,40,13,266,534,2510,0.212749004,25,72,97,64,4,530,532,1978
79,79,GEORGIA,OGLETHORPE,22,3,6,15,11,0,3,0,0,67,4,74,1,0,0,12,39,0,61,0,0,214,18,293,4,0,3,46,172,678,0.253687316,25,21,46,18,24,148,92,586
80,80,GEORGIA,PEACH,32,15,21,71,57,0,21,2,0,236,11,268,0,4,10,73,105,0,195,3,0,492,48,735,0,5,18,131,682,1732,0.393764434,47,92,139,86,146,536,262,1470
81,81,GEORGIA,PICKENS,7,4,7,31,13,0,11,1,0,94,14,119,0,0,1,15,64,0,89,0,0,405,46,540,0,5,0,69,268,1218,0.220032841,11,38,49,35,30,238,138,1080
82,82,GEORGIA,RABUN,2,11,0,60,15,0,15,0,0,73,4,92,0,1,2,18,16,0,73,0,0,260,11,344,0,1,3,20,220,728,0.302197802,13,60,73,71,36,184,40,688
83,83,GEORGIA,SCREVEN,7,9,3,37,4,1,5,0,0,4,2,11,0,0,0,4,27,1,77,1,0,143,26,246,0,1,5,34,31,561,0.055258467,16,40,56,46,8,23,68,493
84,84,GEORGIA,TALIAFERRO,0,1,0,2,1,0,0,0,0,5,0,5,0,0,0,1,1,0,11,0,0,17,2,30,0,0,1,2,12,64,0.1875,1,2,3,3,2,10,4,60
85,85,GEORGIA,TROUP,35,24,10,183,75,0,54,3,0,580,24,658,0,1,33,112,159,5,528,5,0,1971,155,2654,0,16,78,258,1540,5829,0.26419626,59,193,252,207,224,1316,516,5313
86,86,GEORGIA,TWIGGS,4,0,1,11,10,0,8,2,0,43,3,54,0,0,0,12,13,1,40,2,0,96,8,144,0,2,0,17,132,323,0.408668731,4,12,16,11,24,108,34,289
87,87,GEORGIA,WALTON,23,36,2,204,74,0,35,1,0,243,28,306,0,1,12,88,159,2,429,2,0,1508,140,2077,0,14,43,218,788,4592,0.171602787,59,206,265,240,176,612,436,4156
88,88,GEORGIA,WEBSTER,0,1,0,4,0,0,0,0,0,0,0,0,0,0,0,0,1,0,3,0,0,4,0,7,0,0,0,1,0,16,0,1,4,5,5,0,0,2,14
89,89,GEORGIA,WILCOX,5,1,0,16,2,0,14,0,0,9,0,23,0,0,3,5,15,0,67,0,0,70,3,140,0,1,3,19,56,318,0.176100629,6,16,22,17,10,46,38,280
90,90,IDAHO,BANNOCK,65,13,12,136,132,5,68,3,0,565,28,661,10,0,9,154,200,9,361,3,0,1712,145,2218,20,0,18,241,1635,4927,0.331844936,78,148,226,149,308,1327,482,4445
91,91,IDAHO,BLAINE,10,10,2,65,34,1,16,0,0,27,5,48,5,0,1,40,38,1,43,0,0,87,13,143,5,0,1,44,177,375,0.472,20,67,87,75,80,97,88,287
92,92,IDAHO,JEROME,7,3,1,32,42,1,13,0,0,59,7,79,4,0,3,49,56,3,102,0,0,203,30,335,11,0,6,73,257,819,0.313797314,10,33,43,35,98,159,146,673
93,93,IDAHO,KOOTENAI,100,18,23,217,194,11,140,2,0,744,66,950,43,0,16,255,248,32,724,7,0,2641,203,3568,74,0,27,356,2421,7880,0.307233503,118,240,358,235,510,1911,712,7168
94,94,IDAHO,MADISON,19,1,3,52,15,1,50,0,0,68,8,126,10,0,0,25,12,1,70,0,0,192,12,274,12,0,0,24,303,597,0.507537688,20,55,75,53,50,253,48,549
95,95,IDAHO,NEZ PERCE,38,2,7,83,31,0,80,0,0,145,13,238,7,0,2,40,40,2,413,0,0,979,91,1483,16,0,4,60,556,3088,0.180051813,40,90,130,85,80,476,120,2968
96,96,ILLINOIS,BOND,6,1,7,16,0,0,0,0,0,0,0,0,0,0,0,0,6,0,35,0,0,140,6,181,0,0,0,6,0,374,0,7,23,30,17,0,0,12,362
97,97,ILLINOIS,CASS,8,0,1,17,0,0,0,0,0,0,0,0,0,0,0,0,63,0,41,0,0,151,1,193,2,0,1,66,0,518,0,8,18,26,17,0,0,132,386
98,98,ILLINOIS,CLARK,2,2,0,24,0,0,0,0,0,0,0,0,0,0,0,0,11,3,16,1,0,63,5,84,0,0,2,14,0,199,0,4,24,28,26,0,0,28,171
99,99,ILLINOIS,CUMBERLAND,4,0,5,12,0,0,0,0,0,0,0,0,0,0,0,0,6,0,25,0,0,38,2,65,3,0,0,9,0,148,0,4,17,21,12,0,0,18,130
100,100,ILLINOIS,GREENE,4,0,5,25,0,0,0,0,0,0,0,0,0,0,0,0,25,2,42,0,0,81,0,123,6,0,0,31,0,310,0,4,30,34,25,0,0,62,248
101,101,ILLINOIS,GRUNDY,14,6,10,70,0,0,0,0,0,0,0,0,0,0,0,0,24,3,77,0,0,440,13,530,9,0,4,37,0,1137,0,20,80,100,76,0,0,74,1063
102,102,ILLINOIS,HAMILTON,1,0,3,9,0,0,0,0,0,0,0,0,0,0,0,0,4,1,7,0,0,19,3,29,0,0,0,4,0,67,0,1,12,13,9,0,0,8,59
103,103,ILLINOIS,HENRY,34,4,22,72,0,0,0,0,0,0,0,0,0,0,0,0,39,0,105,1,0,531,14,650,15,0,4,59,0,1418,0,38,94,132,76,0,0,118,1300
104,104,ILLINOIS,MASSAC,8,1,13,22,0,0,0,0,0,0,0,0,0,0,0,0,35,2,71,1,0,221,12,304,7,0,5,48,0,706,0,9,35,44,23,0,0,96,610
105,105,ILLINOIS,MONROE,14,4,11,38,0,0,0,0,0,0,0,0,0,0,0,0,7,0,36,0,0,121,6,163,1,0,0,8,0,342,0,18,49,67,42,0,0,16,326
106,106,ILLINOIS,RANDOLPH,12,1,3,38,0,0,0,0,0,0,0,0,0,0,0,0,18,0,28,1,0,76,3,107,2,0,0,21,0,256,0,13,41,54,39,0,0,42,214
107,107,ILLINOIS,RICHLAND,8,1,0,25,0,0,0,0,0,0,0,0,0,0,0,0,50,5,62,1,0,269,19,350,11,0,0,62,0,829,0,9,25,34,26,0,0,124,705
108,108,ILLINOIS,SALINE,17,1,23,33,0,0,0,0,0,0,0,0,0,0,0,0,85,2,155,1,0,285,29,469,3,0,3,92,0,1124,0,18,56,74,34,0,0,184,940
109,109,ILLINOIS,SCHUYLER,0,0,0,7,0,0,0,0,0,0,0,0,0,0,0,0,8,0,8,0,0,24,0,32,2,0,0,10,0,84,0,0,7,7,7,0,0,20,64
110,110,ILLINOIS,TAZEWELL,44,13,17,206,0,0,0,0,0,0,0,0,0,0,0,0,278,20,450,2,0,1595,38,2083,56,0,27,363,0,4912,0,57,223,280,219,0,0,726,4186
111,111,ILLINOIS,WARREN,11,0,6,28,0,0,0,0,0,0,0,0,0,0,0,0,31,3,67,0,0,193,13,273,10,0,3,44,0,637,0,11,34,45,28,0,0,88,549
112,112,INDIANA,ADAMS,7,1,9,34,2,0,5,0,0,21,0,26,0,0,0,2,2,0,31,0,0,148,9,188,1,3,1,7,56,390,0.143589744,8,43,51,35,4,52,14,376
113,113,INDIANA,BENTON,7,0,3,8,0,0,0,0,0,0,0,0,0,0,0,0,0,0,0,0,0,2,0,2,2,0,0,2,0,8,0,7,11,18,8,0,0,4,4
114,114,INDIANA,DUBOIS,3,0,19,43,48,0,9,0,0,80,2,91,0,1,0,49,75,0,42,0,0,242,14,298,1,1,0,77,280,750,0.373333333,3,62,65,43,98,182,154,596
115,115,INDIANA,GIBSON,14,1,15,34,8,1,9,0,0,9,7,25,0,1,0,9,15,1,25,0,0,111,27,163,0,3,0,18,69,363,0.190082645,15,49,64,35,18,51,36,327
116,116,INDIANA,GREENE,14,2,17,30,1,0,2,0,0,40,4,46,0,0,1,2,6,2,68,0,0,335,36,439,5,0,1,12,96,904,0.10619469,16,47,63,32,4,92,24,880
117,117,INDIANA,HAMILTON,77,26,52,338,21,0,18,1,0,411,24,453,2,0,8,32,32,3,127,1,0,1938,96,2161,20,0,22,75,970,4475,0.216759777,103,390,493,364,64,906,150,4325
118,118,INDIANA,HARRISON,21,1,16,27,1,0,3,0,0,1,0,4,0,0,0,1,3,0,4,0,0,11,2,17,0,0,0,3,10,40,0.25,22,43,65,28,2,8,6,34
119,119,INDIANA,HENDRICKS,31,10,43,158,157,2,40,2,0,612,38,690,3,0,15,177,192,3,211,2,0,1772,146,2129,3,3,31,231,1736,4723,0.36756299,41,201,242,168,354,1382,462,4261
120,120,INDIANA,JAY,4,0,32,29,7,0,2,0,0,26,7,35,0,1,0,8,13,0,8,0,0,122,12,142,5,1,0,19,86,322,0.267080745,4,61,65,29,16,70,38,284
121,121,INDIANA,JENNINGS,3,0,3,31,34,0,39,0,0,174,3,216,0,1,1,36,49,0,191,0,0,332,14,537,3,3,1,56,504,1186,0.424957841,3,34,37,31,72,432,112,1074
122,122,INDIANA,JOHNSON,22,25,8,215,303,0,30,3,0,686,34,750,1,0,6,313,410,3,432,3,0,3610,231,4273,5,0,45,463,2126,9475,0.224379947,47,223,270,240,626,1500,926,8549
123,123,INDIANA,MONROE,44,21,16,153,210,5,97,2,0,401,61,559,22,0,42,276,328,19,756,2,0,2894,237,3887,69,0,80,479,1675,8751,0.191406696,65,169,234,174,552,1123,958,7793
124,124,INDIANA,ORANGE,8,1,7,7,3,0,1,0,0,1,0,2,1,0,0,4,4,0,2,1,0,9,0,11,9,0,0,14,12,50,0.24,9,14,23,8,8,4,28,22
125,125,INDIANA,RANDOLPH,6,2,12,37,14,0,14,0,0,14,1,29,0,0,0,14,15,0,46,0,0,179,9,234,0,0,0,15,86,498,0.172690763,8,49,57,39,28,58,30,468
126,126,INDIANA,SCOTT,9,0,6,25,6,0,5,0,0,71,0,76,0,0,2,8,20,1,86,1,0,308,15,409,1,0,6,28,168,875,0.192,9,31,40,25,16,152,56,819
127,127,INDIANA,STARKE,7,0,4,22,0,0,1,0,0,2,1,4,0,0,1,1,2,0,4,0,0,5,3,12,0,0,1,3,10,30,0.333333333,7,26,33,22,2,8,6,24
128,128,INDIANA,TIPPECANOE,84,23,74,242,212,5,167,2,0,790,43,1000,28,9,64,315,292,16,881,2,0,3189,251,4321,40,18,127,479,2635,9616,0.274022463,107,316,423,265,630,2005,958,8658
129,129,INDIANA,TIPTON,8,0,15,25,5,1,6,0,0,18,3,27,0,0,0,5,14,1,55,0,0,96,12,163,0,1,1,16,65,359,0.181058496,8,40,48,25,10,55,32,327
130,130,INDIANA,VERMILLION,8,0,8,15,10,0,8,0,0,10,1,19,0,0,0,10,15,0,16,0,0,142,4,162,0,0,0,15,58,354,0.163841808,8,23,31,15,20,38,30,324
131,131,INDIANA,VIGO,24,11,9,175,41,10,78,4,0,295,50,423,5,0,28,78,63,85,908,5,0,2786,462,4156,34,4,107,213,1012,8823,0.114700215,35,184,219,186,156,856,426,8397
132,132,IOWA,AUDUBON,4,1,0,9,2,0,1,0,0,7,0,8,0,0,1,3,3,0,4,0,0,50,1,55,0,0,1,4,22,118,0.186440678,5,9,14,10,6,16,8,110
133,133,IOWA,BENTON,11,0,9,25,7,0,2,1,0,4,0,6,0,0,0,8,17,0,30,0,0,32,4,66,2,0,0,19,28,170,0.164705882,11,34,45,25,16,12,38,132
134,134,IOWA,BOONE,10,0,9,32,44,0,6,0,0,24,7,37,2,0,1,47,62,3,71,0,0,131,13,215,1,0,2,65,168,563,0.298401421,10,41,51,32,94,74,130,433
135,135,IOWA,CALHOUN,4,0,1,6,4,0,3,0,0,2,1,6,0,0,0,4,5,0,35,0,0,34,9,78,0,0,0,5,20,166,0.120481928,4,7,11,6,8,12,10,156
136,136,IOWA,CERRO GORDO,39,6,25,76,47,1,36,3,0,325,11,372,0,0,2,52,53,2,360,3,0,1019,32,1411,3,0,6,65,849,2954,0.287406906,45,101,146,82,104,745,130,2824
137,137,IOWA,DAVIS,1,0,1,11,3,0,3,0,0,4,0,7,0,0,0,3,4,0,3,0,0,6,1,10,0,0,0,4,20,28,0.714285714,1,12,13,11,6,14,8,20
138,138,IOWA,DELAWARE,9,1,4,22,21,0,15,0,0,61,3,79,1,0,1,23,21,0,61,1,0,115,7,183,1,0,1,24,204,414,0.492753623,10,26,36,23,46,158,48,366
139,139,IOWA,FRANKLIN,3,0,1,14,2,0,3,0,0,4,1,8,3,0,0,5,3,0,3,0,0,8,3,14,2,0,1,6,26,40,0.65,3,15,18,14,10,16,12,28
140,140,IOWA,GUTHRIE,4,0,1,9,0,0,1,0,0,0,0,1,0,0,0,0,0,0,10,0,0,23,2,35,0,0,0,0,2,70,0.028571429,4,10,14,9,0,2,0,70
141,141,IOWA,HAMILTON,16,1,5,21,23,0,7,0,0,32,0,39,3,0,0,26,23,0,26,0,0,110,10,146,3,0,0,26,130,344,0.377906977,17,26,43,22,52,78,52,292
142,142,IOWA,HANCOCK,0,3,0,8,6,0,6,0,0,2,1,9,0,0,0,6,14,0,37,0,0,13,4,54,5,0,0,19,30,146,0.205479452,3,8,11,11,12,18,38,108
143,143,IOWA,JEFFERSON,9,10,0,31,11,0,17,1,0,58,6,81,0,0,0,12,15,3,126,1,0,223,26,375,3,0,0,19,186,791,0.235145386,19,31,50,41,24,162,38,753
144,144,IOWA,KEOKUK,3,1,2,8,8,0,0,0,0,2,1,3,0,0,0,8,12,1,32,0,0,22,2,56,1,0,0,13,22,139,0.158273381,4,10,14,9,16,6,26,113
145,145,IOWA,LINN,124,47,21,354,159,10,131,2,0,1057,52,1240,5,0,26,192,293,28,1652,5,0,4434,443,6529,97,0,112,507,2874,14100,0.203829787,171,375,546,401,384,2490,1014,13086
146,146,IOWA,MADISON,7,0,1,16,13,0,5,0,0,13,1,19,0,0,0,13,16,0,44,0,0,92,7,143,1,0,0,17,64,320,0.2,7,17,24,16,26,38,34,286
147,147,IOWA,MONROE,7,0,3,11,1,0,0,0,0,1,3,4,0,0,0,1,6,0,45,0,0,44,10,99,3,0,0,9,10,216,0.046296296,7,14,21,11,2,8,18,198
148,148,IOWA,OSCEOLA,4,0,0,9,0,0,0,0,0,1,0,1,0,0,0,0,4,1,18,0,0,37,3,58,2,0,1,7,2,131,0.015267176,4,9,13,9,0,2,14,117
149,149,IOWA,UNION,6,1,4,16,16,0,1,0,0,21,5,27,0,0,1,17,31,0,27,0,0,164,15,206,0,0,2,33,88,478,0.184100418,7,20,27,17,34,54,66,412
150,150,IOWA,WAPELLO,23,2,18,48,64,7,40,2,0,225,19,284,7,0,5,78,96,12,287,2,0,825,109,1221,20,0,8,126,731,2706,0.270140429,25,66,91,50,156,575,252,2454
151,151,IOWA,WEBSTER,9,5,13,51,59,1,19,0,0,317,14,350,2,0,11,72,117,8,136,2,0,910,59,1105,20,0,24,163,845,2544,0.332154088,14,64,78,56,144,701,326,2218
152,152,IOWA,WINNEBAGO,1,0,3,14,4,0,3,0,0,5,1,9,0,0,0,4,4,0,12,0,0,14,1,27,2,0,0,6,26,66,0.393939394,1,17,18,14,8,18,12,54
153,153,IOWA,WINNESHIEK,17,2,4,21,8,0,0,1,0,30,4,34,1,0,0,10,12,0,6,1,0,96,8,110,3,0,0,16,88,252,0.349206349,19,25,44,23,20,68,32,220
154,154,KANSAS,ANDERSON,0,0,0,17,4,0,1,0,0,13,1,15,2,0,0,6,8,1,28,0,0,67,4,99,3,0,1,12,42,223,0.188340807,0,17,17,17,12,30,24,199
155,155,KANSAS,CHEROKEE,14,2,21,42,25,0,8,0,0,13,1,22,2,0,0,27,55,7,123,0,0,242,34,399,4,0,5,64,98,933,0.105037513,16,63,79,44,54,44,128,805
156,156,KANSAS,COWLEY,10,8,22,66,55,4,23,0,0,145,16,184,6,0,3,64,100,5,216,0,0,776,75,1067,23,0,4,127,500,2393,0.20894275,18,88,106,74,128,372,254,2139
157,157,KANSAS,ELLSWORTH,5,0,6,17,2,0,0,0,0,3,1,4,0,0,0,2,3,0,19,0,0,34,6,59,2,0,0,5,12,128,0.09375,5,23,28,17,4,8,10,118
158,158,KANSAS,HARPER,3,1,4,15,10,0,5,0,0,8,1,14,1,0,0,11,11,1,50,0,0,73,3,126,4,0,0,15,50,283,0.176678445,4,19,23,16,22,28,30,253
159,159,KANSAS,HASKELL,3,0,1,9,2,0,0,0,0,1,0,1,0,0,0,2,2,0,3,0,0,20,3,26,1,0,0,3,6,58,0.103448276,3,10,13,9,4,2,6,52
160,160,KANSAS,JACKSON,14,2,2,38,10,1,4,3,0,7,6,17,3,0,0,16,15,2,44,0,0,111,17,172,5,0,0,20,67,386,0.17357513,16,40,56,40,32,35,40,346
161,161,KANSAS,JOHNSON,273,166,72,1130,354,7,93,5,0,1862,120,2075,91,0,40,490,648,38,1061,6,0,7103,958,9122,216,0,123,993,5137,20268,0.25345372,439,1202,1641,1296,980,4157,1986,18282
162,162,KANSAS,KINGMAN,12,2,1,14,5,0,4,0,0,5,1,10,0,0,1,6,9,1,49,0,0,99,6,154,3,0,1,13,32,335,0.095522388,14,15,29,16,12,20,26,309
163,163,KANSAS,PAWNEE,0,1,1,19,8,0,0,0,0,14,1,15,3,0,1,12,16,5,53,0,0,64,7,124,3,0,1,20,54,293,0.184300341,1,20,21,20,24,30,40,253
164,164,KANSAS,RAWLINS,4,2,1,3,0,0,0,0,0,2,0,2,3,0,0,3,3,0,3,0,0,35,2,40,2,0,0,5,10,90,0.111111111,6,4,10,5,6,4,10,80
165,165,KANSAS,REPUBLIC,1,0,0,14,3,1,2,0,0,3,1,6,2,0,0,5,3,2,10,0,0,31,2,43,2,0,0,5,23,98,0.234693878,1,14,15,14,10,13,10,88
166,166,KANSAS,TREGO,1,1,1,8,3,1,0,0,0,2,1,3,0,0,0,3,10,1,11,0,0,20,2,33,0,0,0,10,13,87,0.149425287,2,9,11,9,6,7,20,67
167,167,KANSAS,WASHINGTON,0,0,0,7,1,0,2,0,0,4,1,7,0,0,0,1,4,0,8,0,0,12,4,24,0,0,0,4,16,56,0.285714286,0,7,7,7,2,14,8,48
168,168,KENTUCKY,ADAIR,2,0,9,19,20,0,25,11,0,19,3,47,37,0,0,68,19,10,65,9,0,64,17,146,47,0,1,76,230,454,0.50660793,2,28,30,19,136,94,152,302
169,169,KENTUCKY,BALLARD,2,0,1,13,2,1,4,0,0,3,2,9,0,0,0,2,3,1,26,0,0,26,5,57,1,0,1,5,23,125,0.184,2,14,16,13,4,19,10,115
170,170,KENTUCKY,BATH,2,0,0,9,0,0,0,0,0,2,0,2,0,0,0,0,0,0,16,0,0,24,3,43,1,0,1,2,4,90,0.044444444,2,9,11,9,0,4,4,86
171,171,KENTUCKY,BOYD,3,2,5,88,30,2,45,5,0,335,24,404,26,0,7,68,43,11,237,4,0,913,70,1220,40,0,16,103,946,2657,0.356040647,5,93,98,90,136,810,206,2451
172,172,KENTUCKY,CASEY,1,0,1,10,1,0,4,0,0,1,1,6,0,0,0,1,1,0,25,0,0,17,11,53,0,0,0,1,14,108,0.12962963,1,11,12,10,2,12,2,106
173,173,KENTUCKY,ELLIOTT,0,0,0,1,0,0,0,0,0,0,0,0,0,0,0,0,0,0,0,0,0,0,0,0,0,0,0,0,0,0,,0,1,1,1,0,0,0,0
174,174,KENTUCKY,GALLATIN,0,0,0,5,3,0,2,0,0,3,1,6,0,0,0,3,3,1,21,0,0,39,5,65,0,0,0,3,18,137,0.131386861,0,5,5,5,6,12,6,131
175,175,KENTUCKY,KNOX,0,2,1,16,8,1,13,0,0,9,5,27,0,0,2,10,9,1,64,0,0,77,36,177,1,0,5,15,75,385,0.194805195,2,17,19,18,20,55,30,355
176,176,KENTUCKY,LARUE,1,0,0,12,2,0,1,0,0,2,1,4,0,0,0,2,4,1,12,0,0,29,10,51,0,0,0,4,12,111,0.108108108,1,12,13,12,4,8,8,103
177,177,KENTUCKY,LEE,1,0,0,6,0,0,1,0,0,1,0,2,0,0,0,0,0,0,6,0,0,2,6,14,0,0,0,0,4,28,0.142857143,1,6,7,6,0,4,0,28
178,178,KENTUCKY,LOGAN,1,3,2,38,12,0,27,0,0,39,5,71,5,0,4,21,26,3,124,2,0,257,21,402,6,0,10,44,184,895,0.205586592,4,40,44,41,42,142,88,807
179,179,KENTUCKY,MCLEAN,0,0,13,8,2,0,6,0,0,7,2,15,0,0,0,2,4,0,20,0,0,22,6,48,0,0,0,4,34,104,0.326923077,0,21,21,8,4,30,8,96
180,180,KENTUCKY,MEADE,3,0,7,19,3,0,6,0,0,12,1,19,0,0,0,3,11,0,70,0,0,60,23,153,0,0,1,12,44,330,0.133333333,3,26,29,19,6,38,24,306
181,181,KENTUCKY,MUHLENBERG,2,0,0,37,9,0,12,1,0,56,4,72,0,0,0,10,12,0,35,1,0,127,12,174,1,0,2,16,164,380,0.431578947,2,37,39,37,20,144,32,348
182,182,KENTUCKY,OWEN,2,1,4,7,0,0,3,0,0,3,0,6,0,0,0,0,0,0,24,0,0,26,2,52,0,0,0,0,12,104,0.115384615,3,11,14,8,0,12,0,104
183,183,KENTUCKY,ROWAN,14,0,5,42,18,4,34,6,0,86,13,133,30,0,3,57,28,13,153,8,0,305,26,484,47,0,7,90,384,1161,0.330749354,14,47,61,42,114,270,180,981
184,184,KENTUCKY,RUSSELL,1,2,2,20,3,0,6,0,0,19,1,26,2,0,0,5,6,0,28,0,0,68,9,105,2,0,0,8,62,226,0.274336283,3,22,25,22,10,52,16,210
185,185,KENTUCKY,WOODFORD,3,4,1,40,4,0,6,0,0,28,0,34,4,0,0,8,7,0,110,0,0,301,17,428,4,0,4,15,84,886,0.094808126,7,41,48,44,16,68,30,856
186,186,MAINE,KENNEBEC,90,28,72,440,61,2,66,2,0,643,29,738,19,0,17,99,84,4,334,4,0,1568,65,1967,45,0,27,160,1676,4258,0.393612024,118,512,630,468,198,1478,320,3938
187,187,MAINE,LINCOLN,6,0,0,45,19,0,22,0,0,96,8,126,5,0,1,25,28,0,87,0,0,303,22,412,17,0,2,47,302,918,0.328976035,6,45,51,45,50,252,94,824
188,188,MAINE,SOMERSET,4,4,0,46,22,0,33,2,0,189,12,234,4,0,3,31,25,1,163,2,0,682,30,875,25,0,10,62,530,1875,0.282666667,8,46,54,50,62,468,124,1751
189,189,MARYLAND,CALVERT,25,6,8,146,80,12,66,1,0,300,18,384,7,0,10,98,110,18,238,1,0,905,41,1184,14,0,15,140,976,2666,0.366091523,31,154,185,152,196,780,280,2386
190,190,MARYLAND,DORCHESTER,12,6,2,119,76,3,49,4,0,175,14,238,9,0,12,101,108,6,214,4,0,695,41,950,12,0,30,154,681,2214,0.307588076,18,121,139,125,202,479,308,1906
191,191,MARYLAND,FREDERICK,74,44,42,364,380,11,144,4,0,796,41,981,27,0,71,482,453,23,465,2,0,2585,118,3168,39,0,115,609,2937,7577,0.38762043,118,406,524,408,964,1973,1218,6359
192,192,MARYLAND,HARFORD,98,38,39,411,305,10,116,9,0,905,17,1038,28,0,67,409,380,33,569,9,0,2813,90,3472,42,0,121,552,2904,8081,0.359361465,136,450,586,449,818,2086,1104,6977
193,193,MARYLAND,PRINCE GEORGE'S,283,329,146,2031,745,6,276,39,0,1711,148,2135,122,0,234,1140,1607,40,2950,88,0,14362,3372,20684,277,0,1530,3502,6556,48412,0.13542097,612,2177,2789,2360,2280,4276,7004,41408
194,194,MARYLAND,TALBOT,21,23,11,138,32,0,34,0,0,121,4,159,11,0,5,48,48,3,150,0,0,544,14,708,18,0,16,82,414,1583,0.261528743,44,149,193,161,96,318,164,1419
195,195,MARYLAND,WORCESTER,53,17,15,215,63,1,71,3,0,426,10,507,11,0,11,88,93,3,289,3,0,1512,32,1833,17,0,39,152,1191,3973,0.299773471,70,230,300,232,176,1015,304,3669
196,196,MASSACHUSETTS,BARNSTABLE,79,51,24,494,518,4,141,2,0,491,52,684,27,0,18,565,673,13,852,1,0,2347,135,3334,74,0,35,783,2502,8247,0.303383048,130,518,648,545,1130,1372,1566,6681
197,197,MASSACHUSETTS,BERKSHIRE,22,18,14,220,276,1,83,1,0,301,10,394,27,0,15,319,484,13,648,3,0,1423,68,2139,80,0,50,617,1427,5525,0.258280543,40,234,274,238,638,789,1234,4291
198,198,MASSACHUSETTS,NANTUCKET,13,5,4,29,2,0,9,0,0,1,0,10,0,0,0,2,20,0,51,0,0,249,9,309,4,0,2,26,24,670,0.035820896,18,33,51,34,4,20,52,618
199,199,MICHIGAN,ALGER,5,1,4,13,9,1,3,0,0,19,2,24,3,0,0,12,10,1,10,0,0,48,3,61,5,0,0,15,73,153,0.477124183,6,17,23,14,24,49,30,123
200,200,MICHIGAN,CHEBOYGAN,9,1,9,41,13,2,11,0,0,91,3,105,12,0,0,25,14,2,54,0,0,293,6,353,22,0,1,37,262,782,0.335038363,10,50,60,42,50,212,74,708
201,201,MICHIGAN,CLARE,5,1,5,29,60,5,21,1,0,90,11,122,18,0,1,80,79,10,114,1,0,348,21,483,33,0,2,115,409,1206,0.339137645,6,34,40,30,160,249,230,976
202,202,MICHIGAN,CRAWFORD,13,1,7,28,19,0,8,0,0,21,1,30,7,0,0,26,21,3,58,0,0,143,9,210,16,0,0,37,112,497,0.225352113,14,35,49,29,52,60,74,423
203,203,MICHIGAN,GLADWIN,10,0,15,23,33,0,10,0,0,43,8,61,8,0,0,41,37,0,81,0,0,128,12,221,19,0,1,57,204,556,0.366906475,10,38,48,23,82,122,114,442
204,204,MICHIGAN,GRATIOT,6,3,11,45,21,3,5,1,0,26,3,34,8,0,0,30,43,5,72,1,0,443,20,535,32,0,2,78,131,1231,0.106417547,9,56,65,48,60,71,156,1075
205,205,MICHIGAN,IONIA,13,6,21,52,38,2,14,0,0,91,6,111,35,0,0,73,73,6,126,2,0,468,24,618,86,0,1,162,370,1566,0.236270754,19,73,92,58,146,224,324,1242
206,206,MICHIGAN,KENT,202,100,264,769,634,16,185,10,0,2406,113,2704,111,0,85,840,1533,103,1981,17,0,9138,775,11894,416,0,479,2445,7104,28781,0.246829506,302,1033,1335,869,1680,5424,4890,23891
207,207,MICHIGAN,LEELANAU,19,2,15,28,12,1,2,0,0,5,1,8,0,0,1,13,13,1,25,0,0,60,6,91,4,0,2,19,43,221,0.194570136,21,43,64,30,26,17,38,183
208,208,MICHIGAN,MARQUETTE,37,11,51,145,76,2,31,2,0,197,16,244,24,0,4,106,97,3,101,3,0,799,35,935,47,0,9,156,702,2185,0.321281465,48,196,244,156,212,490,312,1873
209,209,MICHIGAN,MISSAUKEE,10,0,3,14,11,0,9,0,0,36,1,46,6,0,0,17,19,0,33,1,0,116,4,153,11,0,1,32,126,370,0.340540541,10,17,27,14,34,92,64,306
210,210,MICHIGAN,OCEANA,9,3,7,65,66,1,27,1,0,63,5,95,25,0,1,93,104,5,172,1,0,497,22,691,58,0,5,168,377,1723,0.218804411,12,72,84,68,186,191,336,1387
211,211,MICHIGAN,ONTONAGON,0,1,0,5,2,0,1,0,0,3,2,6,0,0,0,2,15,0,14,0,0,17,6,37,4,0,0,19,16,112,0.142857143,1,5,6,6,4,12,38,74
212,212,MICHIGAN,SAGINAW,86,26,47,215,316,4,72,4,0,491,24,587,36,0,29,385,906,40,842,19,0,2312,151,3305,127,0,108,1160,1948,8970,0.217168339,112,262,374,241,770,1178,2320,6650
213,213,MICHIGAN,SHIAWASSEE,18,1,13,59,71,2,28,0,0,141,10,179,15,0,5,91,115,15,202,0,0,622,36,860,68,0,12,195,542,2125,0.255058824,19,72,91,60,182,360,390,1735
214,214,MINNESOTA,CARLTON,18,6,15,42,29,3,13,1,0,209,7,229,1,0,2,33,43,5,110,1,0,728,41,879,17,0,5,66,527,1895,0.278100264,24,57,81,48,66,461,132,1763
215,215,MINNESOTA,CHIPPEWA,3,2,8,18,1,0,9,0,0,48,5,62,1,0,0,2,2,0,28,0,0,106,10,144,1,0,0,3,128,294,0.43537415,5,26,31,20,4,124,6,288
216,216,MINNESOTA,DAKOTA,95,75,69,445,314,5,150,2,0,2307,99,2556,84,0,62,462,381,25,1026,3,0,6660,447,8133,161,0,136,681,6041,17653,0.342208123,170,514,684,520,924,5117,1362,16291
217,217,MINNESOTA,FREEBORN,25,4,27,46,14,2,12,1,0,101,12,125,2,0,2,19,15,2,54,1,0,333,23,410,2,0,4,22,290,866,0.334872979,29,73,102,50,38,252,44,822
218,218,MINNESOTA,HENNEPIN,552,345,418,2049,1302,23,727,23,0,6501,299,7527,193,0,463,1981,2852,145,5395,40,0,26605,2878,34878,709,0,2209,5810,19039,81521,0.233547184,897,2467,3364,2394,3962,15077,11620,69901
219,219,MINNESOTA,LAC QUI PARLE,4,0,1,10,0,0,0,0,0,9,0,9,0,0,0,0,0,1,15,0,0,31,0,46,1,0,0,1,18,95,0.189473684,4,11,15,10,0,18,2,93
220,220,MINNESOTA,MARTIN,14,3,8,27,5,0,9,0,0,54,4,67,7,0,2,14,6,0,42,0,0,169,10,221,12,0,3,21,162,484,0.334710744,17,35,52,30,28,134,42,442
221,221,MINNESOTA,MEEKER,18,1,8,30,7,0,6,1,0,30,3,39,6,0,0,14,8,1,37,1,0,168,21,226,15,0,0,24,106,501,0.211576846,19,38,57,31,28,78,48,453
222,222,MINNESOTA,MILLE LACS,26,7,32,76,18,0,92,2,0,394,60,546,8,0,5,33,23,2,133,2,0,592,73,798,8,0,8,41,1158,1680,0.689285714,33,108,141,83,66,1092,82,1598
223,223,MINNESOTA,NICOLLET,19,2,14,39,13,2,37,0,0,155,5,197,1,0,1,15,15,4,71,0,0,286,11,368,3,0,2,20,426,780,0.546153846,21,53,74,41,30,396,40,740
224,224,MINNESOTA,OTTER TAIL,30,2,22,56,33,5,62,1,0,252,18,332,6,0,1,41,35,5,262,1,0,580,27,869,9,0,1,46,751,1835,0.409264305,32,78,110,58,82,669,92,1743
225,225,MINNESOTA,PENNINGTON,12,4,13,48,6,0,2,0,0,33,1,36,0,0,0,6,7,0,17,0,0,93,8,118,1,0,0,8,84,252,0.333333333,16,61,77,52,12,72,16,236
226,226,MINNESOTA,PIPESTONE,5,0,5,14,2,0,1,0,0,8,0,9,0,0,0,2,3,0,12,0,0,47,1,60,0,0,0,3,22,126,0.174603175,5,19,24,14,4,18,6,120
227,227,MINNESOTA,POPE,6,2,2,15,4,0,3,0,0,13,0,16,0,0,0,4,5,0,10,0,0,44,5,59,0,0,0,5,40,128,0.3125,8,17,25,17,8,32,10,118
228,228,MINNESOTA,RAMSEY,338,208,442,1400,424,6,275,15,0,2816,213,3304,57,0,112,608,1213,129,3129,19,0,11003,2284,16416,257,0,818,2307,7830,37575,0.208383234,546,1842,2388,1608,1216,6614,4614,32961
229,229,MINNESOTA,RICE,23,8,16,81,37,0,23,2,0,179,13,215,7,0,4,50,63,5,126,2,0,724,73,923,26,0,11,102,530,2055,0.257907543,31,97,128,89,100,430,204,1851
230,230,MINNESOTA,STEVENS,9,3,3,16,4,0,6,0,0,33,4,43,6,0,0,10,6,0,32,0,0,88,5,125,10,0,0,16,106,282,0.375886525,12,19,31,19,20,86,32,250
231,231,MINNESOTA,SWIFT,8,1,2,17,8,0,2,0,0,4,0,6,0,0,0,8,8,0,13,0,0,24,2,39,0,0,0,8,28,94,0.29787234,9,19,28,18,16,12,16,78
232,232,MINNESOTA,WASECA,6,4,11,29,9,0,8,0,0,59,3,70,7,0,0,16,10,0,41,0,0,191,16,248,9,0,0,19,172,534,0.322097378,10,40,50,33,32,140,38,496
233,233,MISSISSIPPI,ATTALA,4,1,5,26,0,0,0,0,0,0,0,0,0,0,0,0,0,0,0,0,0,0,0,0,0,0,0,0,0,0,,5,31,36,27,0,0,0,0
234,234,MISSISSIPPI,CHOCTAW,3,1,3,12,1,1,5,0,0,5,0,10,0,0,0,1,6,1,35,0,0,57,1,93,0,0,0,6,23,199,0.115577889,4,15,19,13,2,21,12,187
235,235,MISSISSIPPI,COPIAH,11,2,9,36,0,0,0,0,0,0,0,0,0,0,0,0,0,0,0,0,0,0,0,0,0,0,0,0,0,0,,13,45,58,38,0,0,0,0
236,236,MISSISSIPPI,COVINGTON,7,0,2,21,0,0,0,0,0,0,0,0,0,0,0,0,0,0,0,0,0,0,0,0,0,0,0,0,0,0,,7,23,30,21,0,0,0,0
237,237,MISSISSIPPI,HANCOCK,25,10,37,104,42,0,25,1,0,133,8,166,0,1,4,48,52,2,180,3,0,634,74,888,0,1,3,59,428,1896,0.225738397,35,141,176,114,96,332,118,1778
238,238,MISSISSIPPI,HOLMES,11,1,6,31,0,0,0,0,0,0,0,0,0,0,0,0,0,0,0,0,0,0,0,0,0,0,0,0,0,0,,12,37,49,32,0,0,0,0
239,239,MISSISSIPPI,ISSAQUENA,2,0,0,4,0,0,0,0,0,0,0,0,0,0,0,0,0,0,0,0,0,0,0,0,0,0,0,0,0,0,,2,4,6,4,0,0,0,0
240,240,MISSISSIPPI,JASPER,6,0,4,16,0,0,0,0,0,0,0,0,0,0,0,0,0,0,0,0,0,0,0,0,0,0,0,0,0,0,,6,20,26,16,0,0,0,0
241,241,MISSISSIPPI,KEMPER,1,1,6,17,3,0,0,0,0,3,0,3,0,0,2,5,7,1,31,0,0,26,1,58,0,0,3,10,16,137,0.116788321,2,23,25,18,10,6,20,117
242,242,MISSISSIPPI,LAMAR,22,1,19,45,6,0,18,1,0,15,0,33,0,0,1,8,79,0,270,1,0,415,7,692,0,7,9,96,82,1576,0.052030457,23,64,87,46,16,66,192,1384
243,243,MISSISSIPPI,LOWNDES,36,3,24,96,4,0,7,1,0,6,5,18,0,1,1,7,43,10,224,1,0,309,30,563,0,16,15,75,50,1286,0.038880249,39,120,159,99,14,36,150,1136
244,244,MISSISSIPPI,MADISON,37,12,53,183,41,0,36,1,0,571,9,616,3,0,23,68,56,5,172,1,0,971,61,1204,6,5,53,121,1368,2655,0.515254237,49,236,285,195,136,1232,242,2413
245,245,MISSISSIPPI,PRENTISS,8,3,7,38,0,0,0,0,0,0,0,0,0,0,0,0,1,0,0,0,0,29,0,29,0,0,0,1,0,60,0,11,45,56,41,0,0,2,58
246,246,MISSISSIPPI,SHARKEY,3,0,1,11,0,0,0,0,0,0,0,0,0,0,0,0,0,0,0,0,0,0,0,0,0,0,0,0,0,0,,3,12,15,11,0,0,0,0
247,247,MISSISSIPPI,SIMPSON,20,1,9,33,0,0,0,0,0,0,0,0,0,0,0,0,0,0,4,0,0,8,1,13,0,0,1,1,0,28,0,21,42,63,34,0,0,2,26
248,248,MISSISSIPPI,SMITH,3,0,2,7,0,0,0,0,0,0,0,0,0,0,0,0,0,0,0,0,0,0,0,0,0,0,0,0,0,0,,3,9,12,7,0,0,0,0
249,249,MISSISSIPPI,TATE,9,4,7,28,0,0,0,0,0,0,0,0,0,0,0,0,0,0,0,0,0,0,0,0,0,0,0,0,0,0,,13,35,48,32,0,0,0,0
250,250,MISSISSIPPI,TISHOMINGO,5,2,15,19,2,0,3,0,0,29,3,35,0,2,0,4,4,0,19,0,0,61,6,86,0,2,0,6,78,184,0.423913043,7,34,41,21,8,70,12,172
251,251,MISSISSIPPI,WASHINGTON,43,22,14,145,6,0,5,0,0,9,1,15,0,0,1,7,19,56,1018,7,0,1184,90,2292,3,16,63,108,44,4856,0.009060956,65,159,224,167,14,30,216,4640
252,252,MISSOURI,BENTON,1,1,7,29,61,0,20,1,0,55,4,79,1,0,0,63,84,0,124,1,0,232,27,383,4,0,4,93,284,952,0.298319328,2,36,38,30,126,158,186,766
253,253,MISSOURI,CALLAWAY,10,6,0,53,94,0,35,2,0,177,19,231,10,0,5,111,137,4,256,3,0,678,62,996,19,0,19,178,684,2352,0.290816327,16,53,69,59,222,462,356,1996
254,254,MISSOURI,CHARITON,5,1,2,12,13,0,7,0,0,9,2,18,0,0,0,13,15,1,26,0,0,53,5,84,0,0,0,15,62,199,0.311557789,6,14,20,13,26,36,30,169
255,255,MISSOURI,CLARK,6,0,1,7,7,2,2,0,0,15,1,18,0,0,0,7,11,2,6,0,0,41,5,52,1,0,1,13,52,132,0.393939394,6,8,14,7,14,38,26,106
256,256,MISSOURI,DENT,8,0,4,24,3,0,5,0,0,55,4,64,1,0,0,4,10,0,45,2,0,177,15,237,3,0,2,17,136,508,0.267716535,8,28,36,24,8,128,34,474
257,257,MISSOURI,DUNKLIN,10,6,8,60,72,1,64,6,0,214,16,294,3,0,8,89,113,3,273,7,0,650,45,968,15,0,28,163,767,2265,0.338631347,16,68,84,66,178,589,326,1939
258,258,MISSOURI,HICKORY,5,0,1,8,0,0,11,0,0,9,0,20,0,0,0,0,0,0,43,0,0,45,2,90,0,0,0,0,40,180,0.222222222,5,9,14,8,0,40,0,180
259,259,MISSOURI,HOLT,3,0,2,8,3,1,6,0,0,1,1,8,0,0,0,3,5,1,27,0,0,34,6,67,0,0,0,5,23,145,0.15862069,3,10,13,8,6,17,10,135
260,260,MISSOURI,IRON,4,1,1,19,1,2,4,1,0,18,1,23,1,0,0,3,15,3,45,1,0,70,5,120,2,0,1,19,54,281,0.192170819,5,20,25,20,6,48,38,243
261,261,MISSOURI,JEFFERSON,75,18,35,273,219,7,81,6,0,538,112,731,4,0,13,242,300,19,593,6,0,3015,378,3986,30,0,36,372,1953,8735,0.223583286,93,308,401,291,484,1469,744,7991
262,262,MISSOURI,LEWIS,3,2,4,12,16,1,3,0,0,18,1,22,1,0,0,17,16,1,23,0,0,58,4,85,1,0,0,17,79,205,0.385365854,5,16,21,14,34,45,34,171
263,263,MISSOURI,MONTGOMERY,2,1,0,25,22,1,8,0,0,25,3,36,0,0,2,24,31,1,58,0,0,101,8,167,1,0,2,34,121,403,0.300248139,3,25,28,26,48,73,68,335
264,264,MISSOURI,PEMISCOT,15,2,11,50,58,6,21,1,0,94,14,129,0,0,12,71,133,8,182,1,0,391,40,613,6,0,19,159,406,1552,0.261597938,17,61,78,52,142,264,318,1234
265,265,MISSOURI,POLK,11,4,8,37,73,0,36,0,0,240,28,304,3,0,3,79,106,5,227,0,0,700,72,999,17,0,7,130,766,2263,0.338488732,15,45,60,41,158,608,260,2003
266,266,MISSOURI,SALINE,18,4,4,52,35,1,11,2,0,99,0,110,0,0,1,38,47,3,104,2,0,355,10,469,1,0,2,52,297,1045,0.284210526,22,56,78,56,76,221,104,941
267,267,MISSOURI,SCOTLAND,2,0,2,5,6,0,3,0,0,7,2,12,2,0,0,8,6,1,13,0,0,26,6,45,3,0,0,9,40,109,0.366972477,2,7,9,5,16,24,18,91
268,268,MISSOURI,VERNON,16,3,3,36,56,4,46,1,0,195,25,266,9,0,3,69,109,4,222,1,0,591,41,854,12,0,5,127,674,1966,0.342828077,19,39,58,39,138,536,254,1712
269,269,MISSOURI,WASHINGTON,6,5,8,26,24,1,9,0,0,42,3,54,2,0,0,26,93,5,135,0,0,318,37,490,14,0,4,111,161,1207,0.133388567,11,34,45,31,52,109,222,985
270,270,MONTANA,CARBON,7,2,1,16,4,0,0,3,0,5,1,6,0,0,0,7,21,1,27,3,0,69,8,104,1,0,0,25,26,259,0.1003861,9,17,26,18,14,12,50,209
271,271,MONTANA,CUSTER,5,0,6,22,15,1,5,0,0,52,2,59,0,0,0,15,21,2,25,0,0,171,13,209,5,0,2,28,149,476,0.31302521,5,28,33,22,30,119,56,420
272,272,MONTANA,FERGUS,13,1,6,19,26,1,10,0,0,9,2,21,8,0,1,35,56,2,29,0,0,99,4,132,16,0,1,73,113,412,0.274271845,14,25,39,20,70,43,146,266
273,273,MONTANA,POWELL,3,0,3,11,9,0,3,0,0,12,3,18,2,0,0,11,23,0,20,0,0,109,10,139,3,0,0,26,58,330,0.175757576,3,14,17,11,22,36,52,278
274,274,MONTANA,SANDERS,7,2,0,19,12,0,0,0,0,6,2,8,0,0,1,13,19,2,21,0,0,97,7,125,7,0,1,27,42,306,0.137254902,9,19,28,21,26,16,54,252
275,275,MONTANA,STILLWATER,8,1,1,12,12,0,1,0,0,9,0,10,0,0,0,12,18,1,18,0,0,39,8,65,8,0,0,26,44,183,0.240437158,9,13,22,13,24,20,52,131
276,276,MONTANA,TREASURE,0,1,0,1,0,0,0,0,0,0,1,1,0,0,0,0,0,0,0,0,0,0,1,1,0,0,0,0,2,2,1,1,1,2,2,0,2,0,2
277,277,NEBRASKA,CHEYENNE,4,2,10,21,13,0,6,0,0,42,2,50,0,0,1,14,18,0,24,0,0,120,5,149,2,0,1,21,128,340,0.376470588,6,31,37,23,28,100,42,298
278,278,NEBRASKA,DODGE,8,4,0,55,25,4,27,0,0,105,2,134,4,2,1,32,39,11,114,0,0,550,38,702,23,7,7,76,336,1567,0.214422463,12,55,67,59,64,272,152,1415
279,279,NEBRASKA,FRANKLIN,4,0,0,3,2,0,0,0,0,0,2,2,0,0,0,2,2,0,3,0,0,2,2,7,0,0,0,2,8,18,0.444444444,4,3,7,3,4,4,4,14
280,280,NEBRASKA,GARFIELD,0,0,0,2,0,0,0,0,0,1,0,1,0,0,1,1,0,0,0,0,0,1,0,1,0,0,1,1,4,4,1,0,2,2,2,2,2,2,2
281,281,NEBRASKA,GREELEY,1,0,0,2,0,0,0,0,0,0,0,0,0,0,0,0,0,0,0,0,0,0,0,0,0,0,0,0,0,0,,1,2,3,2,0,0,0,0
282,282,NEBRASKA,HOLT,0,1,7,10,4,1,3,1,0,14,4,21,0,1,0,6,4,2,3,1,0,18,4,25,0,1,0,6,55,64,0.859375,1,17,18,11,12,43,12,52
283,283,NEBRASKA,KIMBALL,5,2,0,6,4,0,0,0,0,1,0,1,0,0,0,4,4,0,3,0,0,10,2,15,0,0,0,4,10,38,0.263157895,7,6,13,8,8,2,8,30
284,284,NEBRASKA,LINCOLN,19,3,39,61,72,4,27,0,0,215,27,269,3,0,2,77,83,10,169,0,0,758,54,981,16,0,4,103,696,2178,0.319559229,22,100,122,64,154,542,206,1972
285,285,NEBRASKA,LOGAN,0,0,0,2,0,0,0,0,0,0,0,0,0,0,0,0,0,0,0,0,0,0,0,0,0,0,0,0,0,0,,0,2,2,2,0,0,0,0
286,286,NEBRASKA,RICHARDSON,13,1,6,16,2,0,12,0,0,11,1,24,1,0,0,3,2,0,20,0,0,39,1,60,1,0,0,3,54,126,0.428571429,14,22,36,17,6,48,6,120
287,287,NEBRASKA,ROCK,0,0,4,3,0,0,0,0,0,0,0,0,0,0,0,0,0,0,0,0,0,0,0,0,0,0,0,0,0,0,,0,7,7,3,0,0,0,0
288,288,NEBRASKA,SCOTTS BLUFF,9,4,6,65,42,1,8,1,0,205,8,221,2,0,1,46,66,5,200,2,0,685,40,925,10,0,9,87,535,2029,0.263676688,13,71,84,69,92,443,174,1855
289,289,NEBRASKA,THAYER,3,0,1,7,0,0,2,0,0,2,0,4,0,0,0,0,1,1,2,0,0,51,2,55,0,0,0,1,8,113,0.07079646,3,8,11,7,0,8,2,111
290,290,NEBRASKA,THOMAS,0,0,0,1,0,0,0,0,0,0,0,0,0,0,0,0,0,0,0,0,0,0,0,0,0,0,0,0,0,0,,0,1,1,1,0,0,0,0
291,291,NEBRASKA,VALLEY,0,0,5,7,2,0,0,0,0,1,0,1,0,0,0,2,3,0,9,0,0,18,3,30,0,0,0,3,6,66,0.090909091,0,12,12,7,4,2,6,60
292,292,NEVADA,STOREY,2,1,0,24,32,1,5,0,0,19,2,26,0,0,0,32,41,1,21,1,0,46,6,73,1,0,0,43,117,233,0.502145923,3,24,27,25,64,53,86,147
293,293,NEW HAMPSHIRE,HILLSBOROUGH,152,56,66,690,387,7,143,1,0,1070,50,1263,34,0,94,516,669,53,844,5,0,5048,287,6179,167,0,248,1089,3565,14589,0.244362191,208,756,964,746,1032,2533,2178,12411
294,294,NEW HAMPSHIRE,STRAFFORD,46,24,16,187,82,0,50,1,0,472,16,538,4,0,18,105,151,17,309,2,0,1802,85,2196,66,0,31,250,1286,4909,0.261967814,70,203,273,211,210,1076,500,4409
295,295,NEW JERSEY,BURLINGTON,145,65,43,773,214,11,219,10,0,1011,54,1284,27,0,92,343,343,30,1342,20,0,4924,297,6563,112,0,227,702,3265,14560,0.224244505,210,816,1026,838,686,2579,1404,13156
296,296,NEW JERSEY,CAMDEN,242,190,115,1516,760,33,361,40,0,2312,50,2723,76,0,290,1166,1424,129,2591,57,0,8794,928,12313,149,0,725,2355,7811,29465,0.26509418,432,1631,2063,1706,2332,5479,4710,24755
297,297,NEW JERSEY,CAPE MAY,88,56,55,459,89,4,96,1,0,430,11,537,8,0,21,119,138,8,532,0,0,2249,49,2830,25,0,54,217,1316,6102,0.215666994,144,514,658,515,238,1078,434,5668
298,298,NEW JERSEY,MERCER,269,123,144,1084,344,7,164,18,0,926,6,1096,50,0,145,557,770,30,1562,26,0,4222,527,6311,104,0,582,1482,3313,15616,0.212154201,392,1228,1620,1207,1114,2199,2964,12652
299,299,NEW JERSEY,MONMOUTH,422,144,283,1850,338,6,237,5,0,1781,52,2070,29,0,131,503,554,18,1252,7,0,7111,191,8554,57,0,354,972,5152,19070,0.270162559,566,2133,2699,1994,1006,4146,1944,17126
300,300,NEW MEXICO,BERNALILLO,322,155,228,1081,2210,27,544,45,0,4003,584,5131,1,149,323,2728,4465,214,7200,70,0,26630,8299,42129,3,438,2085,7061,15745,98594,0.159695316,477,1309,1786,1236,5456,10289,14122,84472
301,301,NEW MEXICO,DE BACA,0,1,0,4,0,0,1,0,0,2,2,5,0,0,0,0,1,0,16,0,0,11,4,31,0,0,1,2,10,66,0.151515152,1,4,5,5,0,10,4,62
302,302,NEW MEXICO,GUADALUPE,4,0,3,12,8,0,2,0,0,6,1,9,0,0,0,8,13,0,24,0,0,43,7,74,0,0,1,14,34,176,0.193181818,4,15,19,12,16,18,28,148
303,303,NEW MEXICO,HARDING,0,0,0,2,0,0,0,0,0,0,0,0,0,0,0,0,0,0,0,0,0,0,0,0,0,0,0,0,0,0,,0,2,2,2,0,0,0,0
304,304,NEW MEXICO,LINCOLN,20,1,9,56,54,0,26,0,0,120,5,151,0,2,0,56,77,0,160,0,0,306,25,491,0,7,1,85,414,1152,0.359375,21,65,86,57,112,302,170,982
305,305,NEW MEXICO,LOS ALAMOS,16,3,21,30,15,0,6,0,0,63,5,74,0,2,1,18,14,2,16,0,0,117,6,139,0,3,1,18,184,316,0.582278481,19,51,70,33,36,148,36,280
306,306,NEW MEXICO,MCKINLEY,33,19,11,100,159,0,29,0,0,295,9,333,1,3,9,172,395,17,373,2,0,1388,156,1917,1,30,85,513,1010,4877,0.207094525,52,111,163,119,344,666,1026,3851
307,307,NEW MEXICO,ROOSEVELT,6,2,4,42,0,0,5,0,0,9,2,16,0,2,1,3,34,0,295,2,0,202,21,518,0,14,5,55,38,1146,0.033158813,8,46,54,44,6,32,110,1036
308,308,NEW MEXICO,SAN JUAN,47,20,15,214,376,2,42,2,0,404,22,468,0,19,17,414,790,29,683,2,0,2069,264,3016,0,121,66,979,1766,8019,0.220226961,67,229,296,234,828,938,1958,6061
309,309,NEW MEXICO,SIERRA,2,2,1,24,34,1,10,3,0,34,7,51,0,2,0,39,46,2,90,3,0,175,19,284,0,8,0,57,181,684,0.264619883,4,25,29,26,78,103,114,570
310,310,NEW MEXICO,TORRANCE,6,3,3,22,35,0,15,0,0,8,11,34,0,3,1,39,53,1,150,1,0,103,38,291,0,11,5,70,146,723,0.201936376,9,25,34,25,78,68,140,583
311,311,NEW YORK,CHEMUNG,14,7,3,138,84,4,86,2,0,794,19,899,11,1,16,114,103,8,270,3,0,1577,45,1892,26,2,38,172,2030,4136,0.490812379,21,141,162,145,228,1802,344,3792
312,312,NEW YORK,MADISON,20,12,6,108,37,1,34,1,0,319,18,371,30,0,8,76,61,5,143,1,0,914,35,1092,59,0,11,132,895,2453,0.364859356,32,114,146,120,152,743,264,2189
313,313,NEW YORK,NEW YORK,9938,6409,5312,30492,22716,0,3512,232,0,26037,897,30446,1076,0,7677,31701,30918,0,12078,335,0,107561,6376,126015,2376,0,15586,49215,124294,350460,0.35465959,16347,35804,52151,36901,63402,60892,98430,252030
314,314,NEW YORK,OSWEGO,25,13,6,164,115,4,84,0,0,564,25,673,57,2,13,187,122,6,459,0,0,1516,70,2045,118,3,22,265,1724,4626,0.372676178,38,170,208,177,374,1350,530,4096
315,315,NEW YORK,OTSEGO,9,11,9,50,33,2,28,0,0,150,5,183,15,0,4,52,45,5,112,0,0,563,12,687,35,0,10,90,472,1559,0.302758178,20,59,79,61,104,368,180,1379
316,316,NEW YORK,PUTNAM,21,6,5,134,16,0,25,0,0,134,9,168,5,0,3,24,21,1,86,0,0,446,22,554,10,0,6,37,384,1183,0.324598478,27,139,166,140,48,336,74,1109
317,317,NEW YORK,RENSSELAER,21,14,18,226,197,8,132,5,0,682,52,866,19,2,44,267,291,19,611,4,0,2371,153,3135,60,2,114,471,2274,7231,0.314479325,35,244,279,240,534,1740,942,6289
318,318,NEW YORK,SCHOHARIE,10,5,5,35,7,3,18,0,0,108,3,129,11,0,2,20,8,4,66,0,0,271,12,349,25,0,3,36,301,774,0.388888889,15,40,55,40,40,261,72,702
319,319,NEW YORK,SCHUYLER,3,0,0,21,9,0,15,0,0,54,1,70,2,0,0,11,9,0,23,0,0,75,3,101,4,0,0,13,162,228,0.710526316,3,21,24,21,22,140,26,202
320,320,NEW YORK,STEUBEN,15,6,3,98,67,4,57,1,0,324,16,397,23,0,6,97,99,12,229,1,0,1060,43,1332,73,0,14,187,992,3050,0.325245902,21,101,122,104,194,798,374,2676
321,321,NEW YORK,ULSTER,37,46,22,418,113,0,55,3,0,540,17,612,20,5,10,151,180,5,394,4,0,1881,65,2340,68,5,36,293,1526,5271,0.289508632,83,440,523,464,302,1224,586,4685
322,322,NORTH CAROLINA,ALLEGHANY,5,1,11,28,8,0,8,0,0,10,0,18,0,2,0,10,10,0,34,0,0,52,3,89,0,3,0,13,56,204,0.274509804,6,39,45,29,20,36,26,178
323,323,NORTH CAROLINA,ANSON,22,3,12,53,68,1,53,0,0,118,7,178,0,1,6,75,81,2,273,0,0,315,17,605,0,2,12,95,507,1402,0.361626248,25,65,90,56,150,357,190,1212
324,324,NORTH CAROLINA,AVERY,12,1,13,46,21,1,12,0,0,31,5,48,0,0,0,21,37,4,51,0,0,127,13,191,0,0,0,37,139,460,0.302173913,13,59,72,47,42,97,74,386
325,325,NORTH CAROLINA,BRUNSWICK,67,36,47,265,57,4,94,0,0,329,18,441,0,8,8,73,80,14,418,0,0,1023,61,1502,0,10,15,105,1032,3228,0.319702602,103,312,415,301,146,886,210,3018
326,326,NORTH CAROLINA,CALDWELL,22,21,4,158,62,0,138,0,0,551,57,746,0,7,11,80,116,10,686,1,0,1653,163,2502,0,14,31,162,1652,5338,0.309479206,43,162,205,179,160,1492,324,5014
327,327,NORTH CAROLINA,CAMDEN,3,3,3,18,1,0,0,0,0,0,0,0,0,0,0,1,7,0,17,0,0,46,1,64,0,1,2,10,2,148,0.013513514,6,21,27,21,2,0,20,128
328,328,NORTH CAROLINA,CHATHAM,28,15,9,115,55,2,116,3,0,267,20,403,0,5,9,72,76,3,345,2,0,702,38,1085,0,7,23,108,952,2389,0.398493093,43,124,167,130,144,808,216,2173
329,329,NORTH CAROLINA,CUMBERLAND,341,144,165,693,802,25,487,36,0,2734,106,3327,0,59,248,1145,1319,80,2585,38,0,8822,506,11913,0,118,404,1879,8969,27664,0.324211972,485,858,1343,837,2290,6679,3758,23906
330,330,NORTH CAROLINA,DAVIDSON,37,25,32,220,136,6,314,2,0,637,55,1006,0,11,27,176,170,13,1381,7,0,1756,183,3320,0,12,66,255,2370,7163,0.330866955,62,252,314,245,352,2018,510,6653
331,331,NORTH CAROLINA,EDGECOMBE,52,3,34,82,55,3,80,6,0,216,13,309,0,6,21,88,83,7,270,6,0,530,31,831,0,8,27,124,797,1917,0.415753782,55,116,171,85,176,621,248,1669
332,332,NORTH CAROLINA,FRANKLIN,21,13,30,94,30,2,74,8,0,129,21,224,0,2,5,45,58,6,416,4,0,563,71,1050,0,8,13,83,540,2272,0.237676056,34,124,158,107,90,450,166,2106
333,333,NORTH CAROLINA,GASTON,149,52,81,502,389,6,241,5,0,1509,99,1849,0,19,97,510,567,25,974,17,0,3805,334,5113,0,34,184,802,4724,11855,0.398481653,201,583,784,554,1020,3704,1604,10251
334,334,NORTH CAROLINA,GATES,0,4,0,13,0,0,0,0,0,0,0,0,0,0,0,0,0,0,0,0,0,0,0,0,0,0,0,0,0,0,,4,13,17,17,0,0,0,0
335,335,NORTH CAROLINA,GUILFORD,281,169,269,1087,827,28,710,27,0,3414,250,4374,0,94,325,1273,1761,139,3448,42,0,10387,954,14789,0,138,795,2736,11322,35189,0.321748274,450,1356,1806,1256,2546,8776,5472,29717
336,336,NORTH CAROLINA,HARNETT,58,13,48,189,135,11,216,3,0,388,46,650,0,16,36,190,206,23,875,6,0,1285,122,2282,0,17,43,272,1691,5131,0.329565387,71,237,308,202,380,1311,544,4587
337,337,NORTH CAROLINA,HERTFORD,22,3,13,42,31,0,34,6,0,135,5,174,0,4,6,47,46,0,212,7,0,332,19,563,0,3,10,66,442,1258,0.351351351,25,55,80,45,94,348,132,1126
338,338,NORTH CAROLINA,HOKE,28,11,32,69,15,2,25,2,0,60,8,93,0,2,3,22,34,4,217,3,0,376,14,607,0,2,5,44,232,1306,0.177641654,39,101,140,80,44,188,88,1218
339,339,NORTH CAROLINA,MACON,12,11,16,69,13,0,59,2,0,73,11,143,0,1,0,16,21,4,256,2,0,441,34,731,0,3,0,26,318,1518,0.209486166,23,85,108,80,32,286,52,1466
340,340,NORTH CAROLINA,NEW HANOVER,146,127,89,593,390,7,382,14,0,1098,72,1552,0,38,94,536,612,33,1847,17,0,4894,353,7094,0,68,257,954,4183,16129,0.259346519,273,682,955,720,1072,3111,1908,14221
341,341,NORTH CAROLINA,PITT,114,42,132,381,273,2,275,5,0,1096,78,1449,0,28,72,378,496,7,1386,8,0,3538,186,5110,0,29,186,719,3656,11665,0.313416202,156,513,669,423,756,2900,1438,10227
342,342,NORTH CAROLINA,SAMPSON,26,13,21,107,71,5,84,1,0,167,18,269,0,10,20,102,101,8,607,3,0,691,91,1389,0,10,38,152,747,3090,0.241747573,39,128,167,120,204,543,304,2786
343,343,NORTH CAROLINA,STOKES,16,13,7,59,41,2,60,2,0,138,2,200,0,4,0,47,66,2,239,2,0,722,44,1005,0,4,1,73,496,2158,0.229842447,29,66,95,72,94,402,146,2012
344,344,NORTH CAROLINA,SWAIN,21,11,29,78,18,1,32,0,0,58,10,100,0,2,2,22,53,0,212,0,0,579,72,863,3,4,10,70,245,1866,0.131296892,32,107,139,89,44,201,140,1726
345,345,NORTH CAROLINA,WAKE,853,328,704,3734,281,13,330,11,0,2033,103,2466,0,38,89,419,396,29,1460,9,0,6356,350,8166,0,66,191,662,5783,17685,0.327000283,1181,4438,5619,4062,838,4945,1324,16361
346,346,NORTH CAROLINA,WARREN,20,3,12,43,15,2,15,0,0,19,4,38,0,3,1,19,29,6,142,1,0,157,19,318,0,2,2,34,116,710,0.163380282,23,55,78,46,38,78,68,642
347,347,NORTH CAROLINA,WAYNE,48,23,84,224,150,4,147,4,0,578,55,780,0,4,33,191,401,10,1213,11,0,2364,227,3804,0,7,119,538,1946,8694,0.223832528,71,308,379,247,382,1564,1076,7618
348,348,NORTH CAROLINA,WILSON,28,30,47,176,168,1,221,8,0,543,48,812,0,6,50,232,195,8,730,12,0,1675,158,2563,0,12,97,316,2089,5766,0.362296219,58,223,281,206,464,1625,632,5134
349,349,NORTH DAKOTA,ADAMS,1,0,0,5,1,0,0,0,0,0,0,0,0,0,0,1,1,0,1,0,0,4,0,5,0,0,0,1,2,12,0.166666667,1,5,6,5,2,0,2,10
350,350,NORTH DAKOTA,BARNES,2,1,0,19,9,0,18,0,0,20,6,44,1,0,1,11,11,3,64,0,0,157,25,246,2,0,1,14,110,523,0.210325048,3,19,22,20,22,88,28,495
351,351,NORTH DAKOTA,BENSON,4,2,1,13,46,1,6,0,0,9,3,18,2,0,0,48,49,2,10,0,0,39,10,59,2,0,0,51,133,222,0.599099099,6,14,20,15,96,37,102,120
352,352,NORTH DAKOTA,BILLINGS,0,1,0,8,0,0,1,0,0,0,0,1,0,0,0,0,1,0,3,0,0,7,0,10,0,0,0,1,2,22,0.090909091,1,8,9,9,0,2,2,20
353,353,NORTH DAKOTA,CAVALIER,0,0,5,6,1,0,1,0,0,3,0,4,2,0,0,3,1,0,9,0,0,19,2,30,2,0,0,3,14,66,0.212121212,0,11,11,6,6,8,6,60
354,354,NORTH DAKOTA,DUNN,3,2,0,18,2,0,3,0,0,3,1,7,0,0,0,2,2,1,8,0,0,24,6,38,3,0,0,5,18,87,0.206896552,5,18,23,20,4,14,10,77
355,355,NORTH DAKOTA,LOGAN,0,0,0,5,0,0,1,0,0,3,0,4,0,0,0,0,1,0,3,0,0,4,0,7,0,0,0,1,8,16,0.5,0,5,5,5,0,8,2,14
356,356,NORTH DAKOTA,MCHENRY,0,1,0,7,1,0,2,0,0,2,0,4,0,0,0,1,2,0,12,0,0,29,6,47,1,0,0,3,10,100,0.1,1,7,8,8,2,8,6,94
357,357,NORTH DAKOTA,MCKENZIE,24,3,11,45,24,0,6,0,0,15,10,31,4,0,0,28,36,0,61,0,0,206,52,319,8,0,1,45,118,728,0.162087912,27,56,83,48,56,62,90,638
358,358,NORTH DAKOTA,MORTON,16,8,16,60,27,3,22,1,0,112,26,160,7,0,3,38,42,10,144,1,0,684,114,942,12,0,5,60,399,2014,0.198113208,24,76,100,68,76,323,120,1894
359,359,NORTH DAKOTA,PEMBINA,4,0,2,16,0,1,1,0,0,2,0,3,0,0,0,0,2,2,25,0,0,54,16,95,1,0,0,3,7,198,0.035353535,4,18,22,16,0,7,6,192
360,360,NORTH DAKOTA,SLOPE,0,0,0,2,0,0,0,0,0,0,0,0,0,0,0,0,0,0,0,0,0,0,1,1,0,0,0,0,0,2,0,0,2,2,2,0,0,0,2
361,361,NORTH DAKOTA,STEELE,0,0,0,3,0,0,0,0,0,1,0,1,0,0,0,0,1,0,0,0,0,1,0,1,0,0,0,1,2,4,0.5,0,3,3,3,0,2,2,2
362,362,OHIO,BUTLER,111,54,43,489,203,9,327,11,0,2115,108,2550,46,0,77,337,428,41,2572,18,0,9146,250,11968,207,0,262,915,5783,25807,0.224086488,165,532,697,543,674,5109,1830,23977
363,363,OHIO,CLERMONT,53,15,67,194,88,6,135,1,0,800,35,970,10,0,12,111,114,13,832,1,0,2922,120,3874,69,0,36,220,2168,8201,0.264358005,68,261,329,209,222,1946,440,7761
364,364,OHIO,DELAWARE,67,14,53,194,30,2,34,0,0,458,9,501,18,0,14,62,50,12,435,1,0,1689,39,2163,58,0,28,137,1128,4612,0.244579358,81,247,328,208,124,1004,274,4338
365,365,OHIO,FAYETTE,16,1,6,43,14,0,10,1,0,145,4,159,1,0,7,23,26,4,295,2,0,808,26,1129,21,0,14,63,364,2388,0.152428811,17,49,66,44,46,318,126,2262
366,366,OHIO,HARDIN,5,1,5,37,7,0,2,0,0,33,0,35,0,0,2,9,13,3,152,0,0,450,19,621,9,0,7,29,88,1303,0.067536454,6,42,48,38,18,70,58,1245
367,367,OHIO,HARRISON,0,2,2,13,1,0,6,0,0,17,0,23,1,0,2,4,6,1,50,0,0,98,6,154,3,0,4,13,54,335,0.16119403,2,15,17,15,8,46,26,309
368,368,OHIO,HOLMES,11,6,12,33,0,0,11,1,0,46,6,63,3,0,0,4,0,1,54,1,0,225,16,295,4,0,3,8,134,607,0.220757825,17,45,62,39,8,126,16,591
369,369,OHIO,KNOX,9,6,9,71,13,1,10,0,0,118,0,128,3,0,0,16,28,3,205,1,0,1022,2,1229,35,0,2,66,289,2593,0.111453914,15,80,95,77,32,257,132,2461
370,370,OHIO,LAWRENCE,12,4,2,54,21,0,18,0,0,133,6,157,6,0,4,31,59,3,265,1,0,666,40,971,24,0,16,100,376,2145,0.175291375,16,56,72,58,62,314,200,1945
371,371,OHIO,MEIGS,6,0,1,26,6,1,3,0,0,5,2,10,1,0,0,7,27,6,76,2,0,166,16,258,5,0,7,41,35,604,0.05794702,6,27,33,26,14,21,82,522
372,372,OHIO,MERCER,9,9,5,54,7,0,0,0,0,6,0,6,0,0,0,7,7,1,22,0,0,139,10,171,5,0,2,14,26,371,0.070080863,18,59,77,63,14,12,28,343
373,373,OHIO,MONROE,4,0,3,27,1,1,1,0,0,3,0,4,1,0,0,2,6,1,20,0,0,35,7,62,5,0,0,11,13,147,0.088435374,4,30,34,27,4,9,22,125
374,374,OHIO,MORGAN,4,1,2,16,16,0,5,0,0,16,2,23,0,0,0,16,20,3,62,0,0,124,16,202,8,0,1,29,78,465,0.167741935,5,18,23,17,32,46,58,407
375,375,OHIO,PICKAWAY,27,3,23,59,16,0,13,0,0,134,5,152,1,0,3,20,44,2,290,0,0,1158,44,1492,11,0,15,70,344,3126,0.110044786,30,82,112,62,40,304,140,2986
376,376,OKLAHOMA,BLAINE,9,2,7,21,1,0,0,0,0,5,1,6,0,0,0,1,4,0,42,0,0,59,5,106,2,0,2,8,14,228,0.061403509,11,28,39,23,2,12,16,212
377,377,OKLAHOMA,CANADIAN,53,7,41,173,86,0,19,0,0,236,15,270,5,0,2,93,161,9,214,1,0,1027,87,1328,24,0,10,196,726,3057,0.237487733,60,214,274,180,186,540,392,2665
378,378,OKLAHOMA,HARPER,3,0,0,5,0,0,0,0,0,0,0,0,0,0,0,0,0,0,2,0,0,7,0,9,0,0,0,0,0,18,0,3,5,8,5,0,0,0,18
379,379,OKLAHOMA,LINCOLN,17,3,22,56,28,1,17,0,0,33,8,58,1,0,2,31,58,6,162,1,0,284,62,508,19,0,5,83,179,1188,0.150673401,20,78,98,59,62,117,166,1022
380,380,OKLAHOMA,MAYES,16,6,30,76,28,1,25,0,0,39,14,78,2,0,0,30,76,5,204,1,0,315,68,587,13,0,3,93,217,1365,0.158974359,22,106,128,82,60,157,186,1179
381,381,OKLAHOMA,MURRAY,5,3,6,22,8,0,2,0,0,12,1,15,5,0,0,13,25,2,58,0,0,149,21,228,12,0,0,37,56,532,0.105263158,8,28,36,25,26,30,74,458
382,382,OKLAHOMA,NOBLE,17,1,11,28,12,0,4,1,0,8,3,15,0,0,0,13,20,3,79,2,0,119,14,212,2,0,2,26,56,479,0.11691023,18,39,57,29,26,30,52,427
383,383,OKLAHOMA,NOWATA,4,1,9,18,10,0,3,0,0,4,2,9,2,0,0,12,16,3,57,0,0,79,10,146,3,0,0,19,42,333,0.126126126,5,27,32,19,24,18,38,295
384,384,OKLAHOMA,OTTAWA,22,3,13,108,16,2,9,0,0,22,7,38,2,0,0,18,37,11,92,1,0,323,54,469,5,0,4,47,114,1043,0.109300096,25,121,146,111,36,78,94,949
385,385,OKLAHOMA,PITTSBURG,11,1,6,77,43,2,33,2,0,130,7,170,2,0,2,49,95,19,407,4,0,811,92,1310,27,0,8,134,440,2907,0.151358789,12,83,95,78,98,342,268,2639
386,386,OKLAHOMA,PONTOTOC,23,5,16,103,62,1,52,1,0,525,49,626,6,0,13,82,81,6,328,1,0,1352,125,1805,11,0,22,115,1417,3846,0.368434737,28,119,147,108,164,1253,230,3616
387,387,OKLAHOMA,SEMINOLE,11,2,15,49,34,4,16,0,0,44,1,61,4,0,2,40,68,15,173,2,0,373,45,591,10,0,6,86,206,1369,0.150474799,13,64,77,51,80,126,172,1197
388,388,OKLAHOMA,STEPHENS,28,5,9,79,17,0,17,0,0,77,3,97,0,0,0,17,59,9,419,0,0,834,69,1322,16,0,10,85,228,2823,0.080765143,33,88,121,84,34,194,170,2653
389,389,OREGON,DOUGLAS,52,14,4,195,125,10,65,1,0,558,74,697,6,0,6,138,188,30,419,4,0,2119,320,2858,35,0,18,245,1680,6236,0.269403464,66,199,265,209,276,1404,490,5746
390,390,OREGON,KLAMATH,23,8,32,89,44,6,26,6,0,296,14,336,5,3,17,75,56,10,162,9,0,576,80,818,6,9,24,104,828,1854,0.446601942,31,121,152,97,150,678,208,1646
391,391,OREGON,MULTNOMAH,408,163,558,1042,919,56,267,14,0,2785,391,3443,60,0,258,1251,2140,268,4665,23,0,27791,6057,38513,484,0,1146,3793,9444,84880,0.111262959,571,1600,2171,1205,2502,6942,7586,77294
392,392,OREGON,POLK,18,5,29,64,61,3,35,2,0,176,24,235,6,0,1,70,82,7,184,4,0,714,68,966,17,0,6,109,613,2157,0.284191006,23,93,116,69,140,473,218,1939
393,393,OREGON,TILLAMOOK,14,10,16,48,17,5,24,0,0,61,12,97,1,0,1,19,18,4,109,0,0,273,46,428,2,0,1,21,237,902,0.262749446,24,64,88,58,38,199,42,860
394,394,PENNSYLVANIA,BLAIR,18,14,4,140,174,5,46,0,0,478,26,550,41,0,23,238,180,16,238,1,0,1404,55,1697,40,0,46,267,1581,3944,0.400862069,32,144,176,154,476,1105,534,3410
395,395,PENNSYLVANIA,BUCKS,88,40,17,759,295,14,227,7,0,2261,75,2563,29,0,98,429,357,34,958,10,0,7468,365,8791,69,0,175,611,5998,18838,0.318398981,128,776,904,799,858,5140,1222,17616
396,396,PENNSYLVANIA,BUTLER,16,12,9,167,110,5,79,0,0,706,14,799,9,0,19,138,131,9,340,1,0,1800,52,2192,21,0,44,197,1879,4787,0.392521412,28,176,204,179,276,1603,394,4393
397,397,PENNSYLVANIA,ELK,3,1,0,27,27,4,40,0,0,198,7,245,9,0,4,40,31,9,92,0,0,381,15,488,8,0,5,44,574,1073,0.534948742,4,27,31,28,80,494,88,985
398,398,PENNSYLVANIA,INDIANA,1395,1370,302,5013,4687,95,1206,130,0,6264,1463,8933,719,0,2083,7619,7827,423,7170,278,0,37768,5529,50467,1289,0,6222,15616,33199,132589,0.250390304,2765,5315,8080,6383,15238,17961,31232,101357
399,399,PENNSYLVANIA,JEFFERSON,5,1,0,28,41,2,18,0,0,75,4,97,11,0,1,53,51,3,59,0,0,238,16,313,20,0,1,72,302,773,0.39068564,6,28,34,29,106,196,144,629
400,400,PENNSYLVANIA,LAWRENCE,14,6,3,89,104,5,65,5,0,289,26,380,8,0,29,146,137,20,365,5,0,874,74,1313,12,0,62,216,1057,3078,0.343404808,20,92,112,95,292,765,432,2646
401,401,PENNSYLVANIA,LUZERNE,16,20,18,386,340,13,186,11,0,1293,61,1540,39,0,72,462,516,70,982,15,0,4567,190,5739,82,0,222,835,4017,13218,0.303903768,36,404,440,406,924,3093,1670,11548
402,402,PENNSYLVANIA,MERCER,16,3,2,137,131,1,96,2,0,526,24,646,18,0,19,170,160,11,358,6,0,1436,58,1852,26,0,36,228,1633,4171,0.391512827,19,139,158,140,340,1293,456,3715
403,403,PENNSYLVANIA,MIFFLIN,4,3,3,35,23,0,17,0,0,136,6,159,4,0,2,29,45,2,100,0,0,565,15,680,8,0,5,58,376,1478,0.254397835,7,38,45,38,58,318,116,1362
404,404,PENNSYLVANIA,NORTHAMPTON,24,23,4,489,544,4,96,3,0,1010,20,1126,28,0,49,624,699,24,579,7,0,3754,156,4489,59,0,122,887,3504,10776,0.325167038,47,493,540,512,1248,2256,1774,9002
405,405,PENNSYLVANIA,POTTER,0,0,0,10,16,0,18,0,0,42,3,63,9,0,2,27,31,1,50,0,0,98,12,160,10,0,2,43,180,407,0.442260442,0,10,10,10,54,126,86,321
406,406,PENNSYLVANIA,TIOGA,3,2,2,36,26,0,31,0,0,197,9,237,6,0,9,41,33,0,92,0,0,296,14,402,11,0,14,58,556,920,0.604347826,5,38,43,38,82,474,116,804
407,407,PENNSYLVANIA,WARREN,6,2,2,32,50,4,15,1,0,169,3,187,8,0,2,61,63,8,102,1,0,457,13,572,18,0,2,84,500,1320,0.378787879,8,34,42,34,122,378,168,1152
408,408,PENNSYLVANIA,WASHINGTON,14,13,9,231,166,6,137,8,0,912,41,1090,21,0,25,220,215,27,469,6,0,2377,92,2938,48,0,71,340,2626,6583,0.398906274,27,240,267,244,440,2186,680,5903
409,409,RHODE ISLAND,BRISTOL,11,5,11,78,12,0,13,0,0,35,1,49,4,0,1,17,17,4,81,0,0,349,14,444,13,0,4,34,132,960,0.1375,16,89,105,83,34,98,68,892
410,410,RHODE ISLAND,KENT,56,22,37,328,71,2,54,1,0,575,17,646,5,0,13,90,94,26,270,2,0,1896,115,2281,45,0,23,164,1474,4916,0.299837266,78,365,443,350,180,1294,328,4588
411,411,SOUTH CAROLINA,CALHOUN,3,4,0,47,18,1,18,2,0,33,3,54,0,0,4,24,26,3,97,2,0,179,23,299,3,0,7,38,157,677,0.231905465,7,47,54,51,48,109,76,601
412,412,SOUTH CAROLINA,COLLETON,46,16,24,87,90,5,45,3,0,208,12,265,9,0,5,107,232,20,282,5,0,941,97,1320,23,0,22,282,749,3224,0.232320099,62,111,173,103,214,535,564,2660
413,413,SOUTH CAROLINA,DARLINGTON,58,21,21,127,157,5,73,2,0,602,27,702,9,0,14,182,364,20,891,6,0,2105,170,3166,36,0,50,456,1773,7264,0.244080396,79,148,227,148,364,1409,912,6352
414,414,SOUTH CAROLINA,LAURENS,16,15,3,132,202,4,90,4,0,387,34,511,13,0,15,234,280,12,440,5,0,1191,137,1768,25,0,28,338,1494,4224,0.353693182,31,135,166,147,468,1026,676,3548
415,415,SOUTH CAROLINA,LEE,8,6,2,41,35,0,9,2,0,26,0,35,2,0,1,40,81,7,125,2,0,309,43,477,9,0,8,100,150,1161,0.129198966,14,43,57,47,80,70,200,961
416,416,SOUTH CAROLINA,MARLBORO,5,9,3,64,52,0,16,2,0,82,1,99,2,0,6,62,188,5,315,4,0,640,82,1037,7,0,40,239,322,2557,0.125928823,14,67,81,73,124,198,478,2079
417,417,SOUTH CAROLINA,NEWBERRY,37,11,19,98,71,3,83,1,0,344,23,450,6,0,5,83,85,3,158,1,0,614,25,797,7,0,18,111,1069,1819,0.587685542,48,117,165,109,166,903,222,1597
418,418,SOUTH DAKOTA,BUFFALO,5,0,0,9,17,0,0,0,0,2,0,2,1,0,0,18,61,2,10,0,0,28,12,50,4,0,2,67,40,236,0.169491525,5,9,14,9,36,4,134,102
419,419,SOUTH DAKOTA,CHARLES MIX,10,1,10,21,12,0,5,0,0,19,4,28,3,0,1,16,13,1,20,0,0,29,7,56,5,0,1,19,88,151,0.582781457,11,31,42,22,32,56,38,113
420,420,SOUTH DAKOTA,DEUEL,1,0,0,5,1,0,1,0,0,1,2,4,0,0,0,1,1,0,4,0,0,20,3,27,0,0,0,1,10,56,0.178571429,1,5,6,5,2,8,2,54
421,421,SOUTH DAKOTA,DOUGLAS,0,0,0,4,2,0,0,0,0,1,1,2,0,0,0,2,2,0,2,0,0,1,1,4,0,0,0,2,8,12,0.666666667,0,4,4,4,4,4,4,8
422,422,SOUTH DAKOTA,EDMUNDS,0,0,0,4,2,0,0,0,0,2,0,2,0,0,0,2,2,0,0,0,0,2,0,2,0,0,0,2,8,8,1,0,4,4,4,4,4,4,4
423,423,SOUTH DAKOTA,HAND,1,0,0,6,2,0,2,0,0,1,0,3,0,0,0,2,2,0,11,0,0,7,0,18,0,0,0,2,10,40,0.25,1,6,7,6,4,6,4,36
424,424,SOUTH DAKOTA,KINGSBURY,1,0,0,5,0,0,0,0,0,0,0,0,0,0,0,0,0,0,0,0,0,0,0,0,0,0,0,0,0,0,,1,5,6,5,0,0,0,0
425,425,SOUTH DAKOTA,LAKE,2,2,5,16,4,0,3,0,0,12,4,19,0,0,0,4,4,0,15,0,0,57,4,76,0,0,0,4,46,160,0.2875,4,21,25,18,8,38,8,152
426,426,SOUTH DAKOTA,MEADE,20,2,10,36,25,1,6,2,0,23,5,34,2,0,0,29,27,3,40,2,0,189,23,252,4,0,0,33,127,573,0.221640489,22,46,68,38,58,69,66,507
427,427,SOUTH DAKOTA,MELLETTE,1,1,0,3,0,0,0,0,0,0,0,0,0,0,0,0,0,0,0,0,0,0,0,0,0,0,0,0,0,0,,2,3,5,4,0,0,0,0
428,428,SOUTH DAKOTA,ROBERTS,22,0,17,20,30,1,11,0,0,22,12,45,1,0,0,31,32,1,14,0,0,23,12,49,2,0,0,34,153,167,0.916167665,22,37,59,20,62,91,68,99
429,429,SOUTH DAKOTA,TURNER,2,0,0,10,5,0,1,0,0,1,1,3,0,0,0,5,12,0,10,0,0,32,9,51,1,0,0,13,16,128,0.125,2,10,12,10,10,6,26,102
430,430,TENNESSEE,BEDFORD,27,8,34,77,145,3,44,1,0,207,36,287,9,0,7,162,196,6,215,1,0,689,83,987,28,0,13,238,901,2456,0.366856678,35,111,146,85,324,577,476,1980
431,431,TENNESSEE,CANNON,10,2,9,24,21,0,8,0,0,19,2,29,0,0,1,22,22,2,59,0,0,88,18,165,0,0,2,24,102,380,0.268421053,12,33,45,26,44,58,48,332
432,432,TENNESSEE,DYER,45,9,23,96,153,1,35,2,0,250,21,306,2,0,10,167,262,10,352,2,0,1143,68,1563,15,0,26,305,947,3746,0.25280299,54,119,173,105,334,613,610,3136
433,433,TENNESSEE,GREENE,43,6,55,115,123,5,93,1,0,266,78,437,3,0,10,137,180,12,367,2,0,1037,198,1602,6,0,20,208,1153,3632,0.317455947,49,170,219,121,274,879,416,3216
434,434,TENNESSEE,HANCOCK,9,0,13,13,0,0,3,0,0,13,6,22,0,0,0,0,2,1,19,0,0,92,19,130,1,0,0,3,44,267,0.164794007,9,26,35,13,0,44,6,261
435,435,TENNESSEE,HICKMAN,16,0,17,37,72,0,28,0,0,73,29,130,5,0,1,78,86,1,178,0,0,309,53,540,8,0,2,96,416,1273,0.326787117,16,54,70,37,156,260,192,1081
436,436,TENNESSEE,HUMPHREYS,10,2,9,45,35,1,18,0,0,70,6,94,3,0,1,39,42,1,110,0,0,230,14,354,12,0,2,56,267,821,0.325213155,12,54,66,47,78,189,112,709
437,437,TENNESSEE,LOUDON,12,2,22,81,72,3,39,1,0,214,21,274,3,0,3,79,93,5,183,1,0,694,79,956,3,0,10,107,709,2131,0.332707649,14,103,117,83,158,551,214,1917
438,438,TENNESSEE,MORGAN,9,1,14,30,26,0,7,2,0,39,6,52,1,0,1,30,40,2,122,2,0,183,43,348,3,0,4,49,164,796,0.206030151,10,44,54,31,60,104,98,698
439,439,TENNESSEE,PERRY,7,1,9,15,12,0,3,0,0,6,3,12,0,0,0,12,19,1,39,0,0,91,10,140,3,0,1,23,48,327,0.146788991,8,24,32,16,24,24,46,281
440,440,TENNESSEE,PICKETT,1,1,3,11,9,1,0,0,0,6,4,10,0,0,0,9,14,2,10,0,0,33,8,51,3,0,0,17,39,138,0.282608696,2,14,16,12,18,21,34,104
441,441,TENNESSEE,ROBERTSON,45,3,63,107,152,1,50,1,0,269,14,333,7,0,15,175,190,5,153,1,0,689,46,888,16,0,25,232,1017,2245,0.453006682,48,170,218,110,350,667,464,1781
442,442,TENNESSEE,SEVIER,64,23,79,237,184,5,63,3,0,525,63,651,13,0,8,208,243,15,610,3,0,1987,289,2886,35,0,28,309,1723,6405,0.269008587,87,316,403,260,416,1307,618,5787
443,443,TENNESSEE,SMITH,19,2,17,42,24,0,16,0,0,31,7,54,1,0,1,26,31,2,82,0,0,157,22,261,3,0,5,39,160,602,0.265780731,21,59,80,44,52,108,78,524
444,444,TENNESSEE,STEWART,10,1,21,26,48,0,23,2,0,22,6,51,6,0,0,56,52,2,90,3,0,74,14,178,8,0,0,63,214,484,0.44214876,11,47,58,27,112,102,126,358
445,445,TENNESSEE,UNION,8,3,12,37,33,2,29,0,0,79,10,118,5,0,1,39,39,6,149,0,0,271,34,454,10,0,4,53,316,1020,0.309803922,11,49,60,40,78,238,106,914
446,446,TENNESSEE,WEAKLEY,22,3,16,79,50,2,37,0,0,106,10,153,6,0,1,57,55,3,158,1,0,389,26,573,6,0,7,69,422,1287,0.327894328,25,95,120,82,114,308,138,1149
447,447,TEXAS,ANGELINA,55,11,37,133,134,3,75,1,0,500,59,634,23,0,22,180,181,6,532,1,0,1523,140,2195,32,0,36,250,1631,4896,0.333129085,66,170,236,144,360,1271,500,4396
448,448,TEXAS,ARMSTRONG,4,1,0,3,0,0,0,0,0,0,0,0,0,0,0,0,3,0,4,0,0,5,1,10,0,0,0,3,0,26,0,5,3,8,4,0,0,6,20
449,449,TEXAS,AUSTIN,18,8,12,72,24,0,16,0,0,79,5,100,2,0,3,29,43,0,136,0,0,239,31,406,6,0,11,60,258,932,0.276824034,26,84,110,80,58,200,120,812
450,450,TEXAS,BAILEY,8,3,2,9,4,0,1,0,0,9,0,10,0,0,0,4,11,0,28,0,0,85,5,118,0,0,0,11,28,258,0.108527132,11,11,22,12,8,20,22,236
451,451,TEXAS,BAYLOR,5,1,1,7,6,0,1,0,0,13,1,15,1,0,0,7,7,0,19,0,0,39,2,60,1,0,0,8,44,136,0.323529412,6,8,14,8,14,30,16,120
452,452,TEXAS,CARSON,5,0,1,10,19,1,0,0,0,8,1,9,1,0,1,21,29,1,13,0,0,36,4,53,0,0,0,29,61,165,0.36969697,5,11,16,10,42,19,58,107
453,453,TEXAS,CHILDRESS,12,0,10,13,0,0,1,0,0,1,0,2,0,0,0,0,0,0,6,0,0,3,1,10,0,0,0,0,4,20,0.2,12,23,35,13,0,4,0,20
454,454,TEXAS,COLLIN,382,131,311,1049,327,6,200,12,0,1681,132,2013,92,0,85,516,591,46,1967,14,0,10390,735,13092,216,0,232,1053,5064,28336,0.178712592,513,1360,1873,1180,1032,4032,2106,26230
455,455,TEXAS,CONCHO,5,0,0,7,0,0,2,0,0,2,0,4,0,0,0,0,1,0,8,0,0,4,2,14,0,0,0,1,8,30,0.266666667,5,7,12,7,0,8,2,28
456,456,TEXAS,DELTA,6,3,6,8,0,3,2,0,0,2,0,4,0,0,0,0,0,4,18,0,0,9,1,28,0,0,0,0,11,60,0.183333333,9,14,23,11,0,11,0,60
457,457,TEXAS,DICKENS,4,1,0,4,11,0,2,0,0,2,1,5,0,0,0,11,11,1,12,0,0,8,5,25,0,0,1,12,32,75,0.426666667,5,4,9,5,22,10,24,51
458,458,TEXAS,EASTLAND,15,1,10,36,18,0,17,0,0,65,7,89,2,0,0,20,32,0,96,1,0,194,15,305,6,0,0,39,218,688,0.316860465,16,46,62,37,40,178,78,610
459,459,TEXAS,ECTOR,143,39,72,250,648,3,463,9,0,1693,270,2426,41,0,98,796,907,15,1170,7,0,4349,687,6206,99,0,172,1185,6447,14797,0.435696425,182,322,504,289,1592,4855,2370,12427
460,460,TEXAS,FALLS,17,0,6,22,4,0,0,1,0,1,3,4,0,0,0,5,17,0,37,1,0,58,15,110,0,0,1,19,18,258,0.069767442,17,28,45,22,10,8,38,220
461,461,TEXAS,GAINES,14,5,11,28,6,0,3,0,0,43,1,47,2,0,0,8,15,1,64,0,0,159,12,235,4,0,1,20,110,511,0.215264188,19,39,58,33,16,94,40,471
462,462,TEXAS,GILLESPIE,16,2,9,58,10,0,10,0,0,48,3,61,0,0,1,11,12,1,53,0,0,205,13,271,0,0,1,13,144,569,0.253075571,18,67,85,60,22,122,26,543
463,463,TEXAS,GREGG,100,46,86,299,148,1,67,7,0,704,68,839,15,0,32,202,390,34,1001,17,0,3452,341,4794,79,0,135,621,2083,10864,0.191734168,146,385,531,345,404,1679,1242,9622
464,464,TEXAS,HALE,7,30,0,81,29,3,13,0,0,93,13,119,0,0,3,32,65,4,190,0,0,684,44,918,9,0,6,80,305,2000,0.1525,37,81,118,111,64,241,160,1840
465,465,TEXAS,HANSFORD,5,0,1,11,5,0,0,0,0,7,0,7,1,0,0,6,8,0,0,0,0,11,0,11,0,0,0,8,26,38,0.684210526,5,12,17,11,12,14,16,22
466,466,TEXAS,HOPKINS,32,1,19,55,28,4,39,0,0,102,16,157,6,0,2,36,37,8,71,0,0,241,28,340,9,0,6,52,390,792,0.492424242,33,74,107,56,72,318,104,688
467,467,TEXAS,HUNT,65,13,68,141,119,4,182,6,0,312,89,583,9,0,11,145,198,15,466,6,0,1111,169,1746,36,0,48,288,1460,4083,0.357580211,78,209,287,154,290,1170,576,3507
468,468,TEXAS,JACK,15,4,4,15,8,2,6,0,0,3,1,10,2,0,0,10,17,2,37,0,0,72,15,124,6,0,0,23,42,296,0.141891892,19,19,38,19,20,22,46,250
469,469,TEXAS,JEFFERSON,248,73,169,550,974,7,416,9,0,1536,183,2135,87,0,191,1261,1258,66,2321,20,0,5446,541,8308,144,0,515,1937,6799,20556,0.330755011,321,719,1040,623,2522,4277,3874,16682
470,470,TEXAS,JIM HOGG,6,0,12,18,2,0,4,0,0,5,0,9,0,0,0,2,2,0,4,0,0,5,0,9,0,0,0,2,22,22,1,6,30,36,18,4,18,4,18
471,471,TEXAS,JONES,14,2,9,23,15,1,17,3,0,32,10,59,1,0,0,19,15,2,52,3,0,114,20,186,0,0,2,20,157,414,0.379227053,16,32,48,25,38,119,40,374
472,472,TEXAS,KERR,34,10,32,93,51,7,32,7,0,200,22,254,12,0,7,77,81,7,181,8,0,715,46,942,28,0,7,124,669,2139,0.312762973,44,125,169,103,154,515,248,1891
473,473,TEXAS,LA SALLE,52,3,62,22,5,0,0,0,0,1,0,1,1,0,0,6,6,0,5,0,0,49,1,55,1,0,0,7,14,124,0.112903226,55,84,139,25,12,2,14,110
474,474,TEXAS,LAMB,18,3,8,27,15,0,8,0,0,13,6,27,0,0,1,16,48,8,68,0,0,139,25,232,5,0,2,55,86,582,0.147766323,21,35,56,30,32,54,110,472
475,475,TEXAS,LAMPASAS,23,1,10,34,1,0,4,0,0,7,4,15,0,0,0,1,4,0,57,0,0,171,7,235,0,0,0,4,32,478,0.066945607,24,44,68,35,2,30,8,470
476,476,TEXAS,LEON,13,2,5,27,16,0,9,0,0,23,12,44,2,0,0,18,26,0,87,0,0,129,15,231,2,0,0,28,124,518,0.239382239,15,32,47,29,36,88,56,462
477,477,TEXAS,LOVING,1,0,0,4,0,0,0,0,0,0,0,0,0,0,0,0,0,0,0,0,0,10,1,11,0,0,0,0,0,22,0,1,4,5,4,0,0,0,22
478,478,TEXAS,MADISON,13,2,7,24,18,0,54,0,0,74,3,131,4,0,5,27,35,0,93,0,0,172,14,279,6,0,9,50,316,658,0.480243161,15,31,46,26,54,262,100,558
479,479,TEXAS,MAVERICK,33,14,38,88,22,0,7,1,0,78,8,93,2,0,5,30,85,1,272,1,0,855,44,1171,9,0,10,105,246,2553,0.096357227,47,126,173,102,60,186,210,2343
480,480,TEXAS,MITCHELL,14,1,7,11,3,0,5,0,0,2,1,8,1,0,1,5,7,0,46,0,0,57,5,108,1,0,1,9,26,234,0.111111111,15,18,33,12,10,16,18,216
481,481,TEXAS,NACOGDOCHES,53,5,40,124,78,0,56,1,0,294,24,374,13,0,13,105,115,2,280,1,0,856,62,1198,48,0,29,193,958,2784,0.344109195,58,164,222,129,210,748,386,2398
482,482,TEXAS,OLDHAM,5,0,0,6,3,0,3,0,0,0,0,3,0,0,0,3,3,0,5,0,0,3,0,8,0,0,0,3,12,22,0.545454545,5,6,11,6,6,6,6,16
483,483,TEXAS,PECOS,18,6,7,32,21,0,13,1,0,36,0,49,0,0,1,23,45,2,88,1,0,182,11,281,6,0,2,54,144,672,0.214285714,24,39,63,38,46,98,108,564
484,484,TEXAS,REFUGIO,15,2,9,20,27,0,8,0,0,12,5,25,1,0,1,29,29,0,14,0,0,42,10,66,1,0,1,31,108,194,0.556701031,17,29,46,22,58,50,62,132
485,485,TEXAS,ROCKWALL,45,13,51,136,29,0,10,1,0,177,14,201,8,0,8,46,49,0,115,1,0,833,99,1047,25,0,11,86,494,2266,0.218005296,58,187,245,149,92,402,172,2094
486,486,TEXAS,SAN SABA,4,2,1,8,1,0,0,0,0,0,0,0,0,0,0,1,3,1,12,0,0,11,5,28,1,0,0,4,2,65,0.030769231,6,9,15,10,2,0,8,57
487,487,TEXAS,SCURRY,23,6,9,23,11,0,12,1,0,69,4,85,2,0,1,15,16,0,104,0,0,261,7,372,3,0,1,20,200,784,0.255102041,29,32,61,29,30,170,40,744
488,488,TEXAS,SHACKELFORD,6,0,2,4,0,0,2,0,0,1,0,3,1,0,0,1,1,0,9,0,0,18,5,32,1,0,0,2,8,68,0.117647059,6,6,12,4,2,6,4,64
489,489,TEXAS,SUTTON,9,1,3,8,0,0,1,0,0,7,0,8,0,0,0,0,0,1,15,0,0,29,0,44,2,0,0,2,16,93,0.172043011,10,11,21,9,0,16,4,89
490,490,TEXAS,THROCKMORTON,1,0,3,2,0,0,0,0,0,0,0,0,0,0,0,0,0,0,0,0,0,0,0,0,0,0,0,0,0,0,,1,5,6,2,0,0,0,0
491,491,TEXAS,VICTORIA,75,39,50,182,134,1,52,4,0,300,19,371,15,0,22,175,232,11,677,5,0,2011,131,2819,76,0,66,379,1093,6407,0.170594662,114,232,346,221,350,743,758,5649
492,492,TEXAS,WALKER,27,7,23,91,116,1,54,1,0,180,35,269,15,0,12,144,182,1,240,2,0,700,96,1036,47,0,32,263,827,2599,0.318199307,34,114,148,98,288,539,526,2073
493,493,TEXAS,WILSON,33,4,16,57,35,2,31,1,0,140,23,194,2,0,6,44,48,2,112,1,0,350,54,516,5,0,5,59,478,1152,0.414930556,37,73,110,61,88,390,118,1034
494,494,TEXAS,WINKLER,19,0,8,24,2,0,3,0,0,9,2,14,0,0,1,3,3,0,25,0,0,50,8,83,0,0,1,4,34,174,0.195402299,19,32,51,24,6,28,8,166
495,495,UTAH,CACHE,62,8,68,141,33,1,54,1,0,411,34,499,13,0,5,52,40,10,212,2,0,1076,78,1366,36,0,8,86,1103,2914,0.378517502,70,209,279,149,104,999,172,2742
496,496,UTAH,CARBON,13,2,16,56,6,1,24,0,0,192,5,221,0,0,1,7,16,3,94,0,0,408,8,510,7,0,3,26,457,1075,0.425116279,15,72,87,58,14,443,52,1023
497,497,UTAH,PIUTE,1,0,0,4,0,0,2,0,0,1,0,3,0,0,0,0,2,0,6,0,0,7,0,13,0,0,0,2,6,30,0.2,1,4,5,4,0,6,4,26
498,498,VERMONT,BENNINGTON,13,5,4,59,40,0,23,4,0,136,10,169,3,0,7,54,45,0,112,4,0,434,26,572,5,0,10,64,446,1272,0.350628931,18,63,81,64,108,338,128,1144
499,499,VERMONT,FRANKLIN,6,3,3,63,42,0,22,5,0,143,6,171,2,0,2,51,53,5,140,5,0,605,7,752,9,0,5,72,444,1653,0.268602541,9,66,75,66,102,342,144,1509
500,500,VERMONT,GRAND ISLE,0,0,0,1,0,0,5,0,0,2,0,7,1,0,0,1,0,0,19,0,0,24,1,44,1,0,0,1,16,90,0.177777778,0,1,1,1,2,14,2,88
501,501,VERMONT,WASHINGTON,35,18,15,220,41,3,43,2,0,186,0,229,7,0,2,52,44,5,197,2,0,810,6,1013,26,0,4,76,565,2183,0.25881814,53,235,288,238,104,461,152,2031
502,502,VERMONT,WINDHAM,18,5,6,52,22,1,16,0,0,91,4,111,2,0,9,33,24,2,87,0,0,520,19,626,5,0,17,46,289,1346,0.214710253,23,58,81,57,66,223,92,1254
503,503,VIRGINIA,ALLEGHANY,20,7,1,49,16,1,6,0,0,18,5,29,3,0,1,20,36,2,31,0,0,87,9,127,4,0,1,41,99,338,0.292899408,27,50,77,56,40,59,82,256
504,504,VIRGINIA,APPOMATTOX,1,2,0,20,8,0,1,0,0,28,1,30,2,0,0,10,11,0,19,1,0,110,5,134,5,0,2,19,80,306,0.261437908,3,20,23,22,20,60,38,268
505,505,VIRGINIA,ARLINGTON,96,108,58,470,136,2,56,1,0,550,34,640,20,0,30,187,209,5,169,1,0,3354,175,3698,58,0,105,373,1656,8147,0.203265006,204,528,732,578,374,1282,746,7401
506,506,VIRGINIA,BLAND,4,0,4,10,1,0,3,0,0,4,0,7,0,0,0,1,1,0,11,0,0,45,3,59,1,0,0,2,16,122,0.131147541,4,14,18,10,2,14,4,118
507,507,VIRGINIA,BOTETOURT,19,11,4,85,21,0,22,0,0,73,12,107,8,0,1,30,23,1,34,0,0,190,13,237,13,0,1,37,274,549,0.499089253,30,89,119,96,60,214,74,475
508,508,VIRGINIA,BRUNSWICK,8,1,3,32,4,0,5,0,0,14,3,22,4,0,0,8,8,0,27,0,0,64,5,96,12,0,1,21,60,234,0.256410256,9,35,44,33,16,44,42,192
509,509,VIRGINIA,CARROLL,2,2,5,47,8,0,10,0,0,43,9,62,5,0,0,13,17,7,98,0,0,280,55,433,7,0,1,25,150,923,0.162513543,4,52,56,49,26,124,50,873
510,510,VIRGINIA,CHARLES CITY,6,1,0,9,3,1,5,0,0,2,2,9,0,0,0,3,3,1,14,0,0,27,4,45,1,0,0,4,25,99,0.252525253,7,9,16,10,6,19,8,91
511,511,VIRGINIA,FRANKLIN,17,11,6,91,56,4,25,0,0,207,28,260,15,0,5,76,68,7,99,1,0,578,44,721,21,0,6,96,676,1641,0.411943937,28,97,125,102,152,524,192,1449
512,512,VIRGINIA,GLOUCESTER,15,8,0,75,15,0,24,1,0,149,14,187,8,0,3,27,22,4,61,1,0,409,37,507,13,0,6,42,428,1102,0.388384755,23,75,98,83,54,374,84,1018
513,513,VIRGINIA,LOUISA,11,2,6,51,24,0,3,0,0,28,4,35,1,0,1,26,45,5,42,3,0,352,26,420,11,0,4,63,122,971,0.125643666,13,57,70,53,52,70,126,845
514,514,VIRGINIA,LUNENBURG,6,2,0,20,10,0,0,1,0,4,3,7,1,0,1,13,14,1,22,1,0,49,6,77,4,0,1,20,40,195,0.205128205,8,20,28,22,26,14,40,155
515,515,VIRGINIA,RICHMOND,14,6,2,26,7,0,2,0,0,7,2,11,2,0,0,9,9,0,14,0,0,53,5,72,1,0,0,10,40,164,0.243902439,20,28,48,32,18,22,20,144
516,516,VIRGINIA,ROANOKE,15,24,1,140,108,1,48,0,0,428,21,497,20,0,9,137,142,3,186,1,0,1156,58,1400,28,0,18,189,1269,3181,0.398931154,39,141,180,164,274,995,378,2803
517,517,VIRGINIA,RUSSELL,10,3,7,47,31,1,13,0,0,117,3,133,24,0,2,57,38,8,88,1,0,259,14,361,15,0,4,58,381,846,0.45035461,13,54,67,50,114,267,116,730
518,518,VIRGINIA,WASHINGTON,14,8,10,83,49,1,19,1,0,243,19,281,5,0,3,58,67,6,164,1,0,725,63,952,18,0,4,90,679,2090,0.324880383,22,93,115,91,116,563,180,1910
519,519,VIRGINIA,WISE,18,5,1,102,26,1,19,2,0,96,7,122,11,0,2,41,31,8,103,2,0,470,25,598,47,0,4,84,327,1372,0.238338192,23,103,126,107,82,245,168,1204
520,520,VIRGINIA,WYTHE,11,5,8,62,27,0,8,0,0,91,12,111,3,0,2,32,31,4,35,1,0,328,27,390,4,0,3,39,286,862,0.331786543,16,70,86,67,64,222,78,784
521,521,VIRGINIA,YORK,8,10,0,76,34,1,42,4,0,380,16,438,30,0,20,88,50,7,125,4,0,1105,45,1275,36,0,34,124,1053,2805,0.37540107,18,76,94,86,176,877,248,2557
522,522,WASHINGTON,ADAMS,13,0,13,34,12,0,22,1,0,59,19,100,3,0,3,19,24,1,141,1,0,327,68,536,7,0,8,40,238,1153,0.20641804,13,47,60,34,38,200,80,1073
523,523,WASHINGTON,ASOTIN,5,1,13,29,20,2,25,1,0,154,0,179,2,0,2,25,28,2,110,1,0,607,34,751,10,0,2,41,410,1586,0.25851198,6,42,48,30,50,360,82,1504
524,524,WASHINGTON,CLALLAM,38,14,19,124,124,5,80,1,0,368,23,471,13,0,6,144,163,11,448,4,0,1377,105,1930,51,0,11,229,1235,4329,0.285285285,52,143,195,138,288,947,458,3871
525,525,WASHINGTON,KING,782,411,388,2788,2007,69,1240,28,0,7968,787,9995,168,26,704,2933,3962,333,16539,57,0,63785,12676,93000,622,181,2736,7558,25925,201449,0.128692622,1193,3176,4369,3199,5866,20059,15116,186333
526,526,WASHINGTON,LEWIS,28,4,2,85,67,2,90,1,0,376,21,487,11,0,19,98,83,10,444,1,0,1585,208,2237,23,0,29,136,1172,4756,0.246425568,32,87,119,89,196,976,272,4484
527,527,WASHINGTON,LINCOLN,3,0,7,17,8,1,16,0,0,22,9,47,0,0,2,10,8,2,54,0,0,90,19,163,2,0,2,12,115,352,0.326704545,3,24,27,17,20,95,24,328
528,528,WASHINGTON,PEND OREILLE,10,1,12,29,13,1,6,0,0,24,1,31,3,0,1,17,18,2,72,0,0,237,28,337,8,0,1,27,97,730,0.132876712,11,41,52,30,34,63,54,676
529,529,WASHINGTON,SAN JUAN,6,1,6,19,4,0,4,1,0,8,0,12,0,0,0,5,7,3,35,1,0,136,6,177,1,0,1,10,34,377,0.090185676,7,25,32,20,10,24,20,357
530,530,WASHINGTON,SKAMANIA,3,1,0,16,4,0,3,0,0,3,2,8,1,0,0,5,7,0,21,0,0,43,6,70,1,0,0,8,26,156,0.166666667,4,16,20,17,10,16,16,140
531,531,WASHINGTON,WALLA WALLA,21,4,14,78,47,0,38,2,0,208,14,260,6,0,7,62,101,18,345,2,0,1416,158,1919,36,0,20,159,644,4174,0.154288452,25,92,117,82,124,520,318,3856
532,532,WEST VIRGINIA,BARBOUR,1,0,1,23,40,0,7,0,0,21,3,31,3,0,0,43,69,2,56,1,0,98,11,165,4,0,1,75,148,482,0.307053942,1,24,25,23,86,62,150,332
533,533,WEST VIRGINIA,BROOKE,10,2,2,35,12,0,7,0,0,40,2,49,1,0,0,13,19,0,31,0,0,84,6,121,3,0,2,24,124,290,0.427586207,12,37,49,37,26,98,48,242
534,534,WEST VIRGINIA,CABELL,22,7,20,208,87,2,63,4,0,515,20,598,9,0,24,124,282,23,1039,5,0,2583,175,3797,54,0,133,474,1446,8565,0.16882662,29,228,257,215,248,1198,948,7617
535,535,WEST VIRGINIA,LOGAN,9,2,3,56,75,1,22,0,0,56,10,88,5,0,4,84,143,5,88,2,0,219,28,335,14,0,11,170,345,1015,0.339901478,11,59,70,58,168,177,340,675
536,536,WEST VIRGINIA,MINERAL,5,2,5,39,25,4,17,1,0,50,5,72,3,0,2,31,41,8,69,1,0,168,11,248,8,0,3,53,210,610,0.344262295,7,44,51,41,62,148,106,504
537,537,WEST VIRGINIA,MINGO,11,0,1,48,29,0,13,3,0,18,2,33,1,0,2,35,45,3,32,3,0,96,10,138,8,0,1,57,136,393,0.34605598,11,49,60,48,70,66,114,279
538,538,WEST VIRGINIA,MONROE,1,0,0,14,14,0,5,0,0,6,0,11,3,0,0,17,13,2,30,0,0,43,4,77,3,0,0,16,56,188,0.29787234,1,14,15,14,34,22,32,156
539,539,WEST VIRGINIA,OHIO,9,6,3,119,79,1,30,0,0,84,5,119,3,0,7,89,265,3,227,1,0,576,39,842,22,0,30,318,417,2323,0.179509255,15,122,137,125,178,239,636,1687
540,540,WEST VIRGINIA,PENDLETON,1,0,0,10,6,0,2,0,0,1,1,4,0,0,0,6,12,0,6,0,0,9,5,20,1,0,0,13,20,66,0.303030303,1,10,11,10,12,8,26,40
541,541,WEST VIRGINIA,TYLER,2,1,0,18,6,0,7,0,0,2,3,12,2,0,0,8,15,1,24,0,0,25,3,52,4,0,0,19,40,143,0.27972028,3,18,21,19,16,24,38,105
542,542,WEST VIRGINIA,UPSHUR,2,0,3,33,7,0,8,1,0,95,8,111,4,0,2,14,11,2,47,1,0,295,31,373,5,0,3,20,250,788,0.317258883,2,36,38,33,28,222,40,748
543,543,WEST VIRGINIA,WEBSTER,1,0,2,17,44,0,5,0,0,12,2,19,1,0,0,45,43,0,12,0,0,21,6,39,0,0,0,43,128,164,0.780487805,1,19,20,17,90,38,86,78
544,544,WISCONSIN,BARRON,22,6,16,58,16,0,24,0,0,128,5,157,1,0,0,17,20,1,129,0,0,391,15,535,5,0,1,26,348,1123,0.309884239,28,74,102,64,34,314,52,1071
545,545,WISCONSIN,BROWN,112,49,109,434,314,3,107,6,0,1216,47,1370,35,0,39,394,454,12,730,11,0,3361,172,4263,112,0,78,655,3531,9848,0.358549959,161,543,704,483,788,2743,1310,8538
546,546,WISCONSIN,COLUMBIA,43,8,38,92,44,2,35,3,0,173,10,218,1,3,3,54,59,4,111,4,0,632,24,767,8,6,4,81,546,1700,0.321176471,51,130,181,100,108,438,162,1538
547,547,WISCONSIN,DODGE,61,12,49,130,42,0,34,1,0,247,9,290,4,1,4,52,53,3,166,1,0,680,17,863,15,1,6,76,684,1881,0.363636364,73,179,252,142,104,580,152,1729
548,548,WISCONSIN,GREEN,19,9,7,64,20,0,6,0,0,41,2,49,0,2,0,22,24,0,65,0,0,291,12,368,0,5,0,29,142,794,0.17884131,28,71,99,73,44,98,58,736
549,549,WISCONSIN,JACKSON,18,5,9,27,9,0,13,2,0,55,6,74,0,1,0,12,12,1,79,0,0,152,31,262,0,5,3,20,172,565,0.304424779,23,36,59,32,24,148,40,525
550,550,WISCONSIN,ROCK,77,28,61,278,168,2,120,3,0,983,54,1157,0,19,41,231,220,22,558,3,0,2885,127,3570,0,57,90,370,2778,7902,0.351556568,105,339,444,306,462,2316,740,7162
551,551,WISCONSIN,SAWYER,13,7,10,26,11,1,23,1,0,25,6,54,1,0,1,14,22,2,66,1,0,187,14,267,4,0,3,30,137,596,0.229865772,20,36,56,33,28,109,60,536
552,552,WISCONSIN,TAYLOR,14,2,10,29,15,1,5,1,0,76,8,89,0,0,0,16,18,1,15,1,0,205,13,233,0,2,0,21,211,509,0.41453831,16,39,55,31,32,179,42,467
553,553,WISCONSIN,VILAS,25,7,12,47,48,0,38,0,0,170,10,218,9,1,1,59,50,1,120,0,0,385,15,520,11,1,1,63,554,1167,0.474721508,32,59,91,54,118,436,126,1041
554,554,WYOMING,CARBON,28,4,3,37,17,2,7,0,0,85,9,101,6,0,1,24,17,2,49,0,0,257,22,328,7,0,1,25,252,708,0.355932203,32,40,72,41,48,204,50,658
555,555,WYOMING,FREMONT,18,8,5,93,124,1,26,1,0,391,33,450,5,0,3,133,190,4,104,1,0,986,106,1196,28,0,5,224,1167,2844,0.410337553,26,98,124,101,266,901,448,2396
556,556,WYOMING,LARAMIE,135,20,123,288,93,0,16,5,0,138,14,168,7,0,5,110,183,7,477,8,0,2204,258,2939,36,0,18,245,556,6375,0.087215686,155,411,566,308,220,336,490,5885
557,557,WYOMING,SUBLETTE,4,1,0,27,0,0,3,0,0,19,1,23,0,0,1,1,2,0,5,0,0,69,5,79,0,0,1,3,48,164,0.292682927,5,27,32,28,2,46,6,158
558,558,WYOMING,UINTA,17,6,1,54,10,0,12,1,0,123,6,141,0,0,0,11,13,0,29,2,0,361,17,407,2,0,2,19,304,852,0.356807512,23,55,78,60,22,282,38,814
559,559,WYOMING,WASHAKIE,3,3,0,21,0,0,7,0,0,27,2,36,0,0,0,0,3,0,22,0,0,50,4,76,3,0,0,6,72,164,0.43902439,6,21,27,24,0,72,12,152
