Unnamed: 0,County,State,Population,Median Age,Household Income,Per Capita Income,Poverty Count,Poverty Rate,Unemployed Citizens
1831,Strafford County, New Hampshire,125913.0,37.1,63533.0,30598.0,11875.0,9.431115135053568,3953.0
1913,Madison County, New York,72089.0,41.1,55858.0,26824.0,7932.0,11.003065654954293,1700.0
3185,Las Piedras Municipio, Puerto Rico,38466.0,37.6,20119.0,9906.0,18254.0,47.45489523215307,2715.0
2297,Tillamook County, Oregon,25552.0,48.1,43777.0,23688.0,3821.0,14.953819661866,789.0
32,Lincoln County, Arkansas,13935.0,37.6,32369.0,12610.0,2158.0,15.486185862935054,431.0
1427,Nicollet County, Minnesota,33226.0,35.8,61501.0,28089.0,3655.0,11.000421356768797,662.0
3167,Dorado Municipio, Puerto Rico,38013.0,39.0,28133.0,14504.0,13587.0,35.7430352774051,3080.0
1579,Dunklin County, Missouri,31271.0,39.6,31220.0,18203.0,8355.0,26.718045473441855,985.0
1665,Custer County, Montana,11980.0,40.7,50146.0,26742.0,1289.0,10.759599332220366,140.0
165,Maricopa County, Arizona,4088549.0,35.8,55676.0,28791.0,666513.0,16.301944773072304,136703.0
2352,Northampton County, Pennsylvania,300520.0,41.9,62753.0,31086.0,26379.0,8.777785172367897,10501.0
2451,Hand County, South Dakota,3311.0,48.2,52266.0,33496.0,197.0,5.949864089398973,33.0
3057,Columbia County, Wisconsin,56650.0,42.2,61004.0,29936.0,4729.0,8.3477493380406,1341.0
2097,Hancock County, Tennessee,6609.0,44.3,27973.0,16351.0,1757.0,26.58495990316236,320.0
2841,Carbon County, Utah,20733.0,35.6,47793.0,21953.0,3128.0,15.087059277480344,742.0
1748,Garfield County, Nebraska,1968.0,51.0,45227.0,24379.0,140.0,7.1138211382113825,32.0
2311,Blair County, Pennsylvania,125917.0,43.1,44033.0,24466.0,18196.0,14.450789011809366,3519.0
3042,Webster County, West Virginia,8820.0,46.2,29982.0,18652.0,2383.0,27.018140589569157,366.0
54,St. Francis County, Arkansas,27023.0,38.0,35066.0,16540.0,5761.0,21.318876512600376,1125.0
2675,Gregg County, Texas,123283.0,35.2,47140.0,24386.0,21785.0,17.670725079694687,3350.0
147,North Slope Borough, Alaska,9681.0,33.8,72027.0,49982.0,1070.0,11.05257721309782,597.0
1060,Bath County, Kentucky,12113.0,40.3,34986.0,19590.0,2931.0,24.197143564765128,476.0
1991,Harnett County, North Carolina,126620.0,33.7,47930.0,21214.0,22461.0,17.738903806665615,5261.0
1924,Oswego County, New York,120513.0,39.5,49571.0,24284.0,21100.0,17.508484561831505,5274.0
105,Macon County, Alabama,19684.0,38.2,32390.0,18385.0,4442.0,22.566551513919936,1344.0
911,Madison County, Iowa,15661.0,40.9,60326.0,29430.0,1054.0,6.730093863737947,393.0
3100,Rock County, Wisconsin,160986.0,39.1,50968.0,25884.0,23215.0,14.42050861565602,6124.0
1194,Pemiscot County, Missouri,17599.0,37.8,31671.0,17681.0,5036.0,28.61526223080857,809.0
856,Benton County, Iowa,25720.0,41.8,61222.0,30888.0,2324.0,9.035769828926906,524.0
1876,Roosevelt County, New Mexico,19618.0,29.7,34933.0,18447.0,4755.0,24.237944744622286,955.0
2792,Shackelford County, Texas,3323.0,41.8,50285.0,24190.0,609.0,18.32681312067409,77.0
1280,Berkshire County, Massachusetts,128563.0,46.1,52253.0,31417.0,15136.0,11.773216244176009,5643.0
1264,Frederick County, Maryland,243465.0,39.2,85715.0,38280.0,16995.0,6.9804694719980285,7151.0
1974,Cumberland County, North Carolina,325841.0,31.5,44810.0,23148.0,55235.0,16.951519299290144,15560.0
2707,Jim Hogg County, Texas,5218.0,36.0,34769.0,16637.0,1088.0,20.850900728248373,349.0
1708,Treasure County, Montana,846.0,48.9,42500.0,21255.0,162.0,19.148936170212764,0.0
3173,Guaynabo Municipio, Puerto Rico,92444.0,42.2,33979.0,23834.0,25064.0,27.11263034918437,4889.0
777,Dubois County, Indiana,42345.0,40.9,55154.0,27331.0,3545.0,8.371708584248436,649.0
1591,Iron County, Missouri,10220.0,44.1,36354.0,19270.0,2124.0,20.782778864970645,444.0
2807,Throckmorton County, Texas,1520.0,51.3,39438.0,28860.0,199.0,13.092105263157894,22.0
2252,Pittsburg County, Oklahoma,44643.0,40.8,43601.0,23339.0,7450.0,16.687946598570885,1135.0
3140,Washakie County, Wyoming,8351.0,43.5,46212.0,26325.0,1198.0,14.345587354807803,304.0
799,Johnson County, Indiana,147567.0,37.4,63023.0,29877.0,13473.0,9.130090060785946,4188.0
336,Flagler County, Florida,102917.0,50.1,48898.0,25314.0,13453.0,13.071698553203067,3119.0
101,Lawrence County, Alabama,33433.0,42.2,42339.0,21911.0,6050.0,18.095893279095506,1145.0
2076,Harrison County, Ohio,15521.0,46.2,44000.0,22639.0,2756.0,17.756587848721086,323.0
3183,Lares Municipio, Puerto Rico,28052.0,40.4,12410.0,7958.0,15984.0,56.9798944816769,3496.0
2886,Appomattox County, Virginia,15314.0,42.8,52134.0,24902.0,2633.0,17.19341778764529,312.0
347,Hillsborough County, Florida,1323059.0,36.6,51681.0,28727.0,213566.0,16.141834944624534,53753.0
2982,Skamania County, Washington,11316.0,45.4,53082.0,28556.0,1597.0,14.11276069282432,396.0
2258,Seminole County, Oklahoma,25403.0,39.4,36870.0,19374.0,5615.0,22.103688540723535,804.0
1050,Washington County, Kansas,5613.0,46.3,47045.0,24241.0,574.0,10.226260466773562,85.0
1251,Somerset County, Maine,51363.0,45.4,40484.0,21961.0,9118.0,17.75207834433347,2256.0
2461,Lake County, South Dakota,12331.0,42.2,57239.0,29526.0,1601.0,12.983537425999513,261.0
3139,Uinta County, Wyoming,20893.0,34.8,53323.0,25636.0,3462.0,16.57014311013258,647.0
432,Dooly County, Georgia,14089.0,42.3,33319.0,16109.0,3013.0,21.385478032507628,535.0
1837,Cape May County, New Jersey,95404.0,48.4,59338.0,34550.0,9695.0,10.162047712884156,4357.0
2586,Angelina County, Texas,87657.0,36.7,44185.0,21486.0,16688.0,19.037840674447,3205.0
1695,Powell County, Montana,6928.0,45.0,43064.0,23620.0,555.0,8.010969976905313,39.0
406,Camden County, Georgia,52092.0,31.5,53327.0,24368.0,7029.0,13.493434692467178,2131.0
945,Winnebago County, Iowa,10580.0,42.8,49278.0,25917.0,1023.0,9.669187145557656,366.0
1270,Prince George's County, Maryland,897693.0,36.1,75925.0,33220.0,84744.0,9.440198375168347,40683.0
1819,Storey County, Nevada,3941.0,54.4,65508.0,34967.0,284.0,7.206292819081451,78.0
1606,Sampson County, North Carolina,63713.0,39.5,36742.0,19871.0,15207.0,23.86797042989657,2801.0
2533,Washington County, Virginia,54562.0,45.3,43835.0,25287.0,7569.0,13.872292071405008,1674.0
1356,Oceana County, Michigan,26152.0,42.6,41952.0,20760.0,5136.0,19.639033343530127,931.0
1450,Stevens County, Minnesota,9762.0,32.9,55941.0,26625.0,1637.0,16.769104691661543,158.0
1577,Dent County, Missouri,15578.0,43.1,38020.0,19929.0,3426.0,21.99255360123251,527.0
2433,Charles Mix County, South Dakota,9277.0,36.3,43376.0,21323.0,1927.0,20.771801228845533,222.0
39,Mississippi County, Arkansas,44199.0,35.9,35003.0,19159.0,11057.0,25.016403086042672,2123.0
1277,Worcester County, Maryland,51441.0,49.4,57227.0,32988.0,5162.0,10.034797146245213,1985.0
2621,Childress County, Texas,7059.0,33.5,37125.0,18745.0,1342.0,19.011191386882,167.0
2468,Meade County, South Dakota,26840.0,36.2,53069.0,25884.0,2353.0,8.766766020864381,201.0
750,Warren County, Illinois,17611.0,39.9,44067.0,23350.0,2533.0,14.383056044517634,724.0
2197,Blaine County, Oklahoma,9777.0,41.7,44216.0,20848.0,1144.0,11.700930755855579,96.0
2757,Nacogdoches County, Texas,65556.0,30.4,38915.0,21343.0,14631.0,22.318323265604977,2711.0
1654,Morton County, North Dakota,29633.0,37.5,63549.0,34715.0,2521.0,8.507407282421623,390.0
82,Crenshaw County, Alabama,13896.0,41.6,37557.0,20455.0,2484.0,17.875647668393782,452.0
1934,Schoharie County, New York,31667.0,43.6,50607.0,25638.0,4273.0,13.493542173240282,1575.0
89,Etowah County, Alabama,103363.0,40.9,40478.0,21287.0,18713.0,18.10415719357991,3837.0
2646,Dickens County, Texas,2237.0,42.8,42118.0,22526.0,391.0,17.478766204738488,100.0
1937,Steuben County, New York,98151.0,42.3,48823.0,26830.0,14558.0,14.832248270521953,3543.0
81,Covington County, Alabama,37729.0,42.9,37313.0,21738.0,7031.0,18.63553234912137,1723.0
1983,Franklin County, North Carolina,62989.0,40.4,44272.0,22394.0,9967.0,15.823397736112652,2438.0
2779,Refugio County, Texas,7315.0,42.8,50145.0,24776.0,1124.0,15.365686944634314,247.0
1925,Otsego County, New York,60979.0,41.6,49689.0,24989.0,9106.0,14.933009724659307,2088.0
2168,Pickaway County, Ohio,56804.0,39.3,58706.0,24779.0,6324.0,11.13301880149285,1599.0
1786,Richardson County, Nebraska,8149.0,47.4,45929.0,26638.0,1439.0,17.658608418210825,193.0
476,Lincoln County, Georgia,7712.0,47.3,34720.0,23582.0,1939.0,25.142634854771785,309.0
1611,Swain County, North Carolina,14234.0,40.7,33598.0,20256.0,3277.0,23.022340873963753,420.0
1954,Avery County, North Carolina,17633.0,44.0,35891.0,21548.0,2509.0,14.229002438609426,562.0
2013,New Hanover County, North Carolina,216430.0,38.4,51232.0,30375.0,37167.0,17.172757935591186,8872.0
762,Benton County, Indiana,8709.0,40.5,48069.0,23181.0,1096.0,12.584682512343552,201.0
2295,Polk County, Oregon,78470.0,37.3,54010.0,24827.0,11916.0,15.185421180068815,3674.0
1132,Evangeline Parish, Louisiana,33765.0,35.5,30724.0,18440.0,8807.0,26.083222271583,1418.0
517,Taliaferro County, Georgia,1904.0,44.0,28152.0,15469.0,593.0,31.144957983193283,84.0
1868,Lincoln County, New Mexico,19726.0,50.9,40065.0,25230.0,3515.0,17.819121971002733,545.0
2883,Alleghany County, Virginia,15919.0,48.0,45538.0,25220.0,2847.0,17.884289214146612,307.0
2511,Dyer County, Tennessee,37970.0,40.3,42833.0,23936.0,6915.0,18.211746115354227,1423.0
1616,Wake County, North Carolina,998576.0,35.6,70620.0,35752.0,105133.0,10.528292288218424,31051.0
784,Gibson County, Indiana,33684.0,40.3,49669.0,25990.0,3610.0,10.717254482840518,645.0
2484,Turner County, South Dakota,8289.0,43.9,54707.0,27405.0,837.0,10.09771986970684,99.0
2723,Lamb County, Texas,13561.0,36.3,41401.0,20933.0,2763.0,20.374603642799205,284.0
2819,Walker County, Texas,69926.0,35.1,40090.0,16419.0,12072.0,17.263964762749193,995.0
2221,Harper County, Oklahoma,3785.0,39.9,48173.0,24948.0,522.0,13.791281373844125,34.0
2556,Lynchburg city, Virginia,78755.0,28.6,40728.0,22016.0,16598.0,21.075487270649482,2728.0
2328,Elk County, Pennsylvania,31111.0,46.6,47917.0,25753.0,2688.0,8.640030857253059,802.0
461,Henry County, Georgia,214171.0,36.5,62561.0,25727.0,25657.0,11.979679788580153,9424.0
735,Woodford County, Kentucky,25591.0,41.9,59471.0,30786.0,3636.0,14.208120042202337,585.0
625,Greene County, Illinois,13390.0,42.5,42880.0,21916.0,2250.0,16.803584764749814,506.0
399,Brantley County, Georgia,18403.0,39.9,36837.0,17320.0,3846.0,20.898766505461065,659.0
1765,Kimball County, Nebraska,3713.0,46.6,40344.0,23727.0,377.0,10.153514678157824,99.0
1864,Guadalupe County, New Mexico,4469.0,41.1,26692.0,16034.0,542.0,12.127992839561427,4.0
193,Del Norte County, California,27628.0,38.1,42363.0,20282.0,5219.0,18.89025626176343,1041.0
612,Cumberland County, Illinois,10890.0,41.6,44281.0,22786.0,1747.0,16.042240587695133,324.0
3201,Rincon Municipio, Puerto Rico,14700.0,43.7,17784.0,9445.0,7068.0,48.08163265306123,744.0
1865,Harding County, New Mexico,565.0,58.0,32404.0,23339.0,81.0,14.336283185840704,13.0
1567,Clark County, Missouri,6860.0,43.7,45169.0,25149.0,928.0,13.527696793002914,147.0
1828,Hillsborough County, New Hampshire,404948.0,40.3,73189.0,36012.0,34231.0,8.453184112528028,11849.0
66,Blount County, Alabama,57704.0,40.8,46212.0,21033.0,9441.0,16.361084153611536,1367.0
1627,Benson County, North Dakota,6802.0,30.8,41530.0,20561.0,2270.0,33.37253748897382,158.0
1787,Rock County, Nebraska,1407.0,52.4,48750.0,30247.0,141.0,10.021321961620467,13.0
1854,Bernalillo County, New Mexico,674777.0,36.8,48994.0,27402.0,124678.0,18.476919041401825,24522.0
1609,Stokes County, North Carolina,46453.0,45.1,42489.0,22013.0,7052.0,15.180935569285085,1633.0
704,Muhlenberg County, Kentucky,31216.0,41.5,40445.0,19934.0,5914.0,18.945412608918506,1107.0
1701,Sanders County, Montana,11375.0,51.9,34336.0,20810.0,2493.0,21.91648351648352,418.0
2988,Walla Walla County, Washington,59809.0,37.3,48705.0,24736.0,8971.0,14.999414803792071,1801.0
1399,Freeborn County, Minnesota,30751.0,44.4,48827.0,27332.0,3383.0,11.001268251438978,730.0
1521,Prentiss County, Mississippi,25339.0,39.5,33509.0,18313.0,5485.0,21.646473815067683,969.0
2241,Murray County, Oklahoma,13792.0,42.0,51752.0,24454.0,1925.0,13.957366589327144,200.0
2980,San Juan County, Washington,16056.0,55.1,58029.0,40327.0,1749.0,10.893124065769806,407.0
0,Carroll County, Arkansas,27690.0,44.4,38145.0,20888.0,4789.0,17.295052365474902,739.0
240,Tuolumne County, California,53864.0,48.2,50731.0,29431.0,7176.0,13.322441705034905,2570.0
40,Monroe County, Arkansas,7542.0,45.5,31541.0,19849.0,2139.0,28.36117740652347,365.0
3069,Green County, Wisconsin,37050.0,42.6,57416.0,28867.0,3243.0,8.753036437246964,620.0
1634,Cavalier County, North Dakota,3867.0,50.3,65645.0,39779.0,198.0,5.120248254460822,21.0
264,Elbert County, Colorado,24225.0,45.4,87288.0,39360.0,1221.0,5.040247678018575,745.0
2913,Franklin County, Virginia,56230.0,45.4,48720.0,26188.0,7950.0,14.138360305886538,1714.0
1651,McKenzie County, North Dakota,10718.0,31.3,78179.0,37938.0,1361.0,12.698264601604777,205.0
2873,Grand Isle County, Vermont,6945.0,47.4,64295.0,35613.0,519.0,7.473002159827213,241.0
2518,Richmond County, Virginia,8868.0,43.5,44919.0,19191.0,1173.0,13.227334235453315,211.0
2769,Pecos County, Texas,15826.0,35.4,51735.0,19738.0,1334.0,8.429167193226336,259.0
1115,Knox County, Kentucky,31740.0,40.1,26553.0,15479.0,10613.0,33.43730308758664,1431.0
697,Meade County, Kentucky,28751.0,37.1,50034.0,24018.0,4426.0,15.39424715662064,1126.0
271,Hinsdale County, Colorado,856.0,56.4,51250.0,29958.0,96.0,11.214953271028037,22.0
741,Schuyler County, Illinois,7205.0,45.5,48396.0,24323.0,1411.0,19.58362248438584,198.0
2150,Union County, Tennessee,19081.0,41.5,38540.0,19030.0,4420.0,23.16440438132173,679.0
1871,McKinley County, New Mexico,74346.0,30.8,29272.0,12882.0,28089.0,37.781454281333225,4287.0
2337,Jefferson County, Pennsylvania,44575.0,43.8,43913.0,22841.0,6364.0,14.27706113292204,1095.0
2537,York County, Virginia,66919.0,39.5,83410.0,36722.0,4052.0,6.055081516460199,1942.0
1926,Putnam County, New York,99408.0,43.4,97606.0,41993.0,5061.0,5.091139546112988,3364.0
2490,Bedford County, Tennessee,46331.0,36.9,43819.0,21949.0,7423.0,16.021670156051027,1367.0
3021,Mingo County, West Virginia,25549.0,41.6,32441.0,19502.0,6594.0,25.809229324043994,1425.0
505,Rabun County, Georgia,16312.0,48.4,38277.0,24374.0,3491.0,21.401422265816574,450.0
2957,Clallam County, Washington,72969.0,50.3,47180.0,26967.0,11273.0,15.449026298839232,2854.0
2357,Potter County, Pennsylvania,17239.0,46.3,40921.0,22929.0,2395.0,13.892917222576717,430.0
3023,Monroe County, West Virginia,13496.0,47.0,35995.0,21257.0,2283.0,16.916123295791344,508.0
837,Tippecanoe County, Indiana,183397.0,27.9,47406.0,24221.0,36513.0,19.909267872429755,5842.0
2558,Manassas Park city, Virginia,15827.0,33.1,75027.0,28851.0,1364.0,8.618184115751564,390.0
2710,Jones County, Texas,19944.0,39.0,47007.0,17279.0,2151.0,10.785198555956681,209.0
626,Grundy County, Illinois,50338.0,37.2,67162.0,30232.0,4899.0,9.732210258651515,1954.0
737,Allen Parish, Louisiana,25619.0,38.6,41801.0,20296.0,3367.0,13.142589484367072,880.0
1244,Kennebec County, Maine,120953.0,44.0,48570.0,26418.0,17110.0,14.145990591386736,4260.0
2131,Perry County, Tennessee,7891.0,43.3,31274.0,18611.0,2216.0,28.08262577620073,212.0
1477,Copiah County, Mississippi,28780.0,38.0,34738.0,18188.0,7844.0,27.2550382209868,1709.0
838,Tipton County, Indiana,15447.0,44.5,54023.0,27556.0,1328.0,8.597138602964977,401.0
451,Grady County, Georgia,25145.0,39.8,35518.0,17764.0,7337.0,29.178763173593158,948.0
2645,DeWitt County, Texas,20660.0,42.0,50582.0,27370.0,3038.0,14.704743465634074,566.0
226,San Mateo County, California,754748.0,39.5,98546.0,50262.0,57490.0,7.617111936699402,23439.0
878,Delaware County, Iowa,17445.0,43.2,59452.0,29978.0,1645.0,9.42963599885354,328.0
1422,Meeker County, Minnesota,23094.0,42.1,58574.0,27974.0,2116.0,9.162553044080713,472.0
2093,Greene County, Tennessee,68502.0,44.0,36711.0,21525.0,12373.0,18.062246357770576,2438.0
2695,Hopkins County, Texas,35844.0,39.2,45748.0,23063.0,6880.0,19.194286351969644,980.0
396,Berrien County, Georgia,18986.0,39.2,35740.0,17007.0,4811.0,25.339724007163174,797.0
904,Keokuk County, Iowa,10234.0,44.1,45227.0,24650.0,1296.0,12.663670119210474,284.0
1617,Warren County, North Carolina,20324.0,46.5,33913.0,19563.0,4662.0,22.938397953158827,772.0
826,Randolph County, Indiana,25403.0,42.0,42418.0,22817.0,4319.0,17.00192890603472,775.0
940,Wapello County, Iowa,35242.0,39.5,42494.0,23116.0,6033.0,17.118778729924518,1224.0
1226,Washington County, Missouri,25002.0,40.7,36701.0,18472.0,4678.0,18.71050315974722,1114.0
2128,Morgan County, Tennessee,21688.0,41.1,39728.0,18281.0,4415.0,20.35687938030247,653.0
1266,Harford County, Maryland,249776.0,40.3,81052.0,36411.0,19012.0,7.6116200115303325,8106.0
557,Blaine County, Idaho,21427.0,42.9,58086.0,34330.0,2707.0,12.63359313016288,451.0
2294,Multnomah County, Oregon,778193.0,36.7,57449.0,33255.0,130564.0,16.777843028657415,34049.0
1757,Holt County, Nebraska,10360.0,45.3,49607.0,26267.0,990.0,9.555984555984557,71.0
2535,Wise County, Virginia,40074.0,40.0,36352.0,20896.0,7865.0,19.626191545640566,1581.0
3188,Manati Municipio, Puerto Rico,41468.0,40.0,18534.0,10216.0,19121.0,46.11025368959197,2261.0
855,Audubon County, Iowa,5793.0,48.3,47048.0,30085.0,651.0,11.237700673226307,84.0
3136,Sublette County, Wyoming,10032.0,37.5,76004.0,30295.0,775.0,7.725279106858053,160.0
1236,Carbon County, Montana,10340.0,49.6,52869.0,30461.0,1108.0,10.715667311411993,197.0
1952,Anson County, North Carolina,25883.0,39.9,34656.0,17548.0,5484.0,21.187652126878646,1703.0
98,Jefferson County, Alabama,659096.0,37.5,47220.0,28162.0,116750.0,17.7136562807239,26632.0
413,Chattooga County, Georgia,25046.0,40.3,35245.0,17381.0,5182.0,20.6899305278288,1016.0
168,Pima County, Arizona,1003338.0,38.1,46764.0,26204.0,186299.0,18.56792028209836,43458.0
1279,Barnstable County, Massachusetts,214703.0,51.8,65382.0,39104.0,17433.0,8.119588454749119,6965.0
2341,Lawrence County, Pennsylvania,88528.0,44.6,45764.0,25614.0,12374.0,13.977498644496656,2736.0
68,Butler County, Alabama,20280.0,40.6,34315.0,19011.0,5126.0,25.27613412228797,849.0
1594,Jefferson County, Missouri,222453.0,38.8,58232.0,26021.0,24089.0,10.828804286748214,8594.0
1620,Wayne County, North Carolina,124447.0,37.0,40457.0,21674.0,26475.0,21.274116692246498,6687.0
491,Murray County, Georgia,39358.0,37.4,38136.0,17856.0,7315.0,18.58580212409167,1613.0
1093,Gallatin County, Kentucky,8543.0,37.2,51180.0,21452.0,1131.0,13.238909048343675,230.0
1751,Greeley County, Nebraska,2447.0,45.8,48220.0,25054.0,211.0,8.622803432774827,19.0
2616,Carson County, Texas,6027.0,40.4,64554.0,28943.0,351.0,5.823792931806869,65.0
1441,Rice County, Minnesota,65116.0,36.5,61683.0,27856.0,6678.0,10.255543952331225,1548.0
2878,Washington County, Vermont,58963.0,43.3,58171.0,31464.0,6487.0,11.001814697352577,1533.0
3027,Pendleton County, West Virginia,7291.0,49.6,37035.0,23325.0,1307.0,17.926210396379098,123.0
206,Marin County, California,259358.0,45.7,100310.0,63608.0,20445.0,7.8829263026395955,7021.0
418,Clinch County, Georgia,6814.0,37.2,24848.0,16912.0,2368.0,34.751981215145285,287.0
2996,Brooke County, West Virginia,23473.0,46.2,46265.0,24428.0,2851.0,12.145869722660072,452.0
3122,Carbon County, Wyoming,15696.0,38.1,56972.0,27399.0,2133.0,13.589449541284404,328.0
674,Richland County, Illinois,16072.0,42.1,45597.0,23972.0,2311.0,14.379044300647086,436.0
154,Valdez-Cordova Census Area, Alaska,9522.0,37.6,82511.0,35457.0,802.0,8.42260029405587,446.0
1588,Holt County, Missouri,4537.0,47.8,41017.0,23949.0,614.0,13.533171699360812,102.0
2591,Austin County, Texas,29107.0,40.8,56681.0,28351.0,4163.0,14.302401484179065,823.0
2159,Monroe County, Ohio,14442.0,46.3,41368.0,22100.0,2679.0,18.550062318238467,375.0
1622,Wilson County, North Carolina,81617.0,40.3,40260.0,22519.0,18043.0,22.106914000759645,3198.0
2444,Edmunds County, South Dakota,4000.0,44.5,62467.0,30123.0,380.0,9.5,40.0
1628,Billings County, North Dakota,936.0,45.8,67969.0,40549.0,103.0,11.004273504273502,16.0
830,Scott County, Indiana,23734.0,40.9,46368.0,23103.0,3267.0,13.765062779135418,750.0
890,Hamilton County, Iowa,15227.0,43.0,53970.0,28076.0,1612.0,10.586458264924149,232.0
72,Chilton County, Alabama,43817.0,38.7,42594.0,22045.0,8779.0,20.035602619987674,1520.0
841,Vermillion County, Indiana,15752.0,43.0,44409.0,22932.0,2077.0,13.185627221940072,431.0
2745,Maverick County, Texas,56830.0,29.7,37155.0,16086.0,13879.0,24.42196023227169,2968.0
2496,Cannon County, Tennessee,13855.0,42.1,43654.0,22571.0,2208.0,15.936485023457234,647.0
1527,Smith County, Mississippi,16137.0,40.6,33696.0,22129.0,3640.0,22.556856912685127,261.0
2372,Bristol County, Rhode Island,49228.0,44.1,73096.0,40998.0,3246.0,6.593808401722598,1314.0
891,Hancock County, Iowa,11006.0,44.2,54813.0,27732.0,1026.0,9.32218789751045,101.0
798,Jennings County, Indiana,28023.0,39.6,47236.0,22374.0,4217.0,15.04835313849338,929.0
1142,LaSalle Parish, Louisiana,14927.0,38.7,35339.0,19434.0,3134.0,20.995511489247672,280.0
1022,Pawnee County, Kansas,6840.0,43.7,46227.0,25193.0,423.0,6.184210526315789,36.0
1729,Cheyenne County, Nebraska,10090.0,40.5,54215.0,30929.0,996.0,9.871159563924678,136.0
238,Trinity County, California,13180.0,50.6,35270.0,22387.0,2607.0,19.77996965098634,526.0
179,Calhoun County, Arkansas,5210.0,44.9,35446.0,21093.0,969.0,18.598848368522074,162.0
944,Webster County, Iowa,37050.0,39.5,42196.0,23921.0,5362.0,14.472334682861,1189.0
542,Wilcox County, Georgia,8884.0,39.3,34071.0,14536.0,1422.0,16.0063034669068,215.0
1423,Mille Lacs County, Minnesota,25788.0,40.6,51232.0,24489.0,2970.0,11.516984644020472,814.0
680,Lee County, Kentucky,6896.0,42.8,21185.0,13873.0,2360.0,34.22273781902552,255.0
2763,Oldham County, Texas,2069.0,33.2,52292.0,23644.0,215.0,10.391493475108748,43.0
425,Crawford County, Georgia,12483.0,43.7,40459.0,22183.0,2343.0,18.769526556116322,512.0
2278,Douglas County, Oregon,107375.0,47.0,42052.0,23608.0,19701.0,18.347846332945284,4889.0
3154,Caguas Municipio, Puerto Rico,136372.0,38.8,24278.0,13911.0,50464.0,37.004663713958884,8686.0
1358,Ontonagon County, Michigan,6165.0,56.6,35038.0,22428.0,928.0,15.05271695052717,266.0
2934,Louisa County, Virginia,34350.0,44.0,54662.0,28767.0,4086.0,11.89519650655022,1404.0
2887,Arlington County, Virginia,226092.0,34.1,108706.0,64746.0,19528.0,8.637191939564426,5005.0
2137,Robertson County, Tennessee,67905.0,38.5,56331.0,25534.0,7067.0,10.407186510566232,2583.0
129,Aleutians East Borough, Alaska,3299.0,42.8,65926.0,31025.0,510.0,15.459230069718096,66.0
1213,Saline County, Missouri,23214.0,37.4,40645.0,20446.0,3748.0,16.14542948220901,546.0
1246,Lincoln County, Maine,34165.0,50.1,53515.0,30022.0,4050.0,11.854236792038634,615.0
2782,Rockwall County, Texas,88010.0,37.2,89161.0,37231.0,5380.0,6.112941711169183,2457.0
1600,Lewis County, Missouri,10146.0,39.3,45708.0,20646.0,1299.0,12.80307510348906,244.0
497,Peach County, Georgia,26907.0,34.9,41128.0,20746.0,5206.0,19.34812502322816,1297.0
2406,Laurens County, South Carolina,66442.0,40.8,39848.0,20417.0,13028.0,19.608079226994974,2787.0
2791,Scurry County, Texas,17314.0,35.4,55661.0,23758.0,1261.0,7.2831234838858725,321.0
2104,Hickman County, Tennessee,24251.0,40.4,37546.0,18410.0,5181.0,21.364067461135626,779.0
1186,Montgomery County, Missouri,11820.0,44.0,41096.0,21301.0,1999.0,16.912013536379018,402.0
2143,Smith County, Tennessee,19176.0,41.2,44272.0,23108.0,3050.0,15.905298289528575,366.0
1845,Monmouth County, New Jersey,627532.0,42.6,87297.0,44504.0,47318.0,7.540332604552437,22601.0
1118,Beauregard Parish, Louisiana,36435.0,37.4,46599.0,23141.0,6815.0,18.704542335666254,1085.0
2631,Concho County, Texas,4142.0,41.3,48516.0,16599.0,293.0,7.0738773539352975,21.0
334,Duval County, Florida,900890.0,36.0,49196.0,27235.0,146252.0,16.234168433438047,39407.0
1843,Mercer County, New Jersey,371101.0,38.5,73966.0,38652.0,39606.0,10.67256622860084,16866.0
1935,Schuyler County, New York,18336.0,46.0,47229.0,25004.0,2617.0,14.272469458987784,645.0
2868,Bennington County, Vermont,36503.0,46.3,51489.0,30197.0,4692.0,12.853738048927484,1016.0
2367,Washington County, Pennsylvania,208269.0,44.3,57534.0,31561.0,20471.0,9.829115230783266,6534.0
1637,Dunn County, North Dakota,4284.0,39.9,66964.0,40102.0,490.0,11.437908496732025,81.0
1349,Missaukee County, Michigan,15032.0,43.2,42077.0,21124.0,2234.0,14.8616285258116,597.0
2063,Delaware County, Ohio,188996.0,38.0,94234.0,42985.0,9034.0,4.7799953438168,2718.0
2249,Ottawa County, Oklahoma,32022.0,38.4,37139.0,18616.0,6957.0,21.725688589095,1132.0
811,Monroe County, Indiana,143292.0,28.6,43389.0,25488.0,32044.0,22.362727856405105,5034.0
1981,Edgecombe County, North Carolina,54669.0,40.3,32298.0,18009.0,13750.0,25.15136549049736,3087.0
341,Gulf County, Florida,15851.0,44.5,40822.0,20050.0,2068.0,13.04649548924358,570.0
2725,La Salle County, Texas,7319.0,33.1,40094.0,23939.0,843.0,11.517966935373686,217.0
309,Hartford County, Connecticut,895699.0,40.2,68027.0,36570.0,100830.0,11.257129906363632,39733.0
2344,Luzerne County, Pennsylvania,318917.0,43.0,46577.0,25899.0,48174.0,15.105497668672411,12034.0
2080,Holmes County, Ohio,43702.0,30.6,53619.0,19517.0,5504.0,12.59438927280216,688.0
2542,Chesapeake city, Virginia,233194.0,36.7,69978.0,30764.0,21418.0,9.18462739178538,7245.0
2366,Warren County, Pennsylvania,40649.0,46.4,44977.0,25414.0,5042.0,12.403749169721275,1124.0
211,Mono County, California,14051.0,38.9,58937.0,31059.0,1222.0,8.696889901074657,665.0
2373,Kent County, Rhode Island,164886.0,43.7,65592.0,35323.0,13400.0,8.126827019880402,6843.0
1086,Elliott County, Kentucky,7661.0,42.1,27969.0,14218.0,2210.0,28.84740895444459,150.0
533,Walton County, Georgia,87436.0,38.9,54459.0,24141.0,11365.0,12.998078594629213,3253.0
3179,Jayuya Municipio, Puerto Rico,15605.0,35.8,15893.0,7258.0,9196.0,58.92983018263377,1220.0
876,Davis County, Iowa,8768.0,37.6,49696.0,24405.0,1617.0,18.442062043795627,163.0
918,Monroe County, Iowa,7964.0,43.2,47515.0,25233.0,1032.0,12.958312405826216,229.0
2716,Kerr County, Texas,50505.0,48.0,44261.0,26210.0,8158.0,16.152856152856153,1864.0
1321,Gratiot County, Michigan,41676.0,39.2,42145.0,20358.0,6807.0,16.333141376331707,1371.0
718,Rowan County, Kentucky,24302.0,31.0,36216.0,18743.0,5510.0,22.673031026252985,672.0
789,Harrison County, Indiana,39370.0,42.5,52926.0,25319.0,5139.0,13.053086106172213,1303.0
3198,Pe?uelas Municipio, Puerto Rico,22231.0,35.7,16764.0,7581.0,12748.0,57.343349376996095,1733.0
1648,Logan County, North Dakota,1939.0,52.6,55068.0,33272.0,130.0,6.7044868488911815,18.0
1884,Torrance County, New Mexico,15599.0,43.7,32067.0,18967.0,4604.0,29.51471248156933,579.0
2681,Hansford County, Texas,5552.0,35.7,41335.0,23605.0,1096.0,19.740634005763688,66.0
1047,Trego County, Kansas,2927.0,50.4,54630.0,29651.0,123.0,4.2022548684660075,24.0
1538,Washington County, Mississippi,48824.0,36.4,28452.0,17800.0,16831.0,34.472800262166146,4206.0
431,Dodge County, Georgia,20995.0,40.4,35544.0,18481.0,4219.0,20.095260776375326,918.0
498,Pickens County, Georgia,29992.0,44.8,56769.0,28637.0,3058.0,10.196052280608162,985.0
370,Pasco County, Florida,488310.0,44.6,46010.0,25225.0,65101.0,13.331899817738734,17327.0
1739,Dodge County, Nebraska,36679.0,39.1,49830.0,26141.0,4192.0,11.428883012077756,828.0
2891,Bland County, Virginia,6612.0,44.9,47800.0,22249.0,555.0,8.39382940108893,181.0
2892,Botetourt County, Virginia,33192.0,46.9,61470.0,32518.0,2732.0,8.230899011810076,690.0
473,Laurens County, Georgia,47802.0,38.4,33632.0,19826.0,12972.0,27.136939876992606,1065.0
366,Okeechobee County, Florida,39420.0,40.2,36415.0,17173.0,9105.0,23.097412480974125,1703.0
1797,Thayer County, Nebraska,5163.0,48.3,45590.0,30057.0,603.0,11.679256246368391,37.0
9,Crawford County, Arkansas,61927.0,38.8,41792.0,20889.0,11491.0,18.5557188302356,1940.0
2156,Meigs County, Ohio,23345.0,42.8,39640.0,21317.0,5247.0,22.475904904690513,1116.0
677,Larue County, Kentucky,14127.0,40.8,41050.0,21204.0,2260.0,15.997734834005804,503.0
256,Costilla County, Colorado,3590.0,50.5,26610.0,20238.0,1092.0,30.417827298050145,152.0
2240,Mayes County, Oklahoma,40923.0,39.7,43302.0,21756.0,8454.0,20.65830950810058,1167.0
1493,Jasper County, Mississippi,16538.0,41.6,34993.0,19363.0,3641.0,22.015963236183328,432.0
1263,Dorchester County, Maryland,32451.0,44.2,47907.0,28055.0,5435.0,16.748328248744258,1706.0
842,Vigo County, Indiana,108099.0,36.1,41221.0,22079.0,20053.0,18.550587887029483,4205.0
1881,Sierra County, New Mexico,11442.0,56.0,29679.0,20495.0,2471.0,21.59587484705471,442.0
2132,Pickett County, Tennessee,5096.0,49.8,39014.0,20664.0,827.0,16.228414442700156,132.0
1499,Lamar County, Mississippi,59623.0,34.3,53888.0,28101.0,9535.0,15.99215068010667,2601.0
3060,Dodge County, Wisconsin,88404.0,42.1,54111.0,25617.0,7384.0,8.352563232432919,2226.0
578,Kootenai County, Idaho,147716.0,39.7,50924.0,26514.0,18412.0,12.4644588263966,5076.0
2348,Mifflin County, Pennsylvania,46585.0,43.5,42019.0,21665.0,6676.0,14.33079317376838,1105.0
2740,Madison County, Texas,13843.0,35.5,43209.0,17698.0,1561.0,11.276457415300152,183.0
459,Hart County, Georgia,25518.0,43.1,37983.0,20866.0,5228.0,20.4874990202994,586.0
2391,Colleton County, South Carolina,37884.0,42.2,33918.0,20297.0,7733.0,20.4123112659698,1774.0
209,Merced County, California,265001.0,30.6,44397.0,19130.0,62661.0,23.64557114878812,18143.0
180,Union County, Arkansas,40334.0,39.5,39836.0,22240.0,8220.0,20.379828432587885,1602.0
2706,Jefferson County, Texas,252993.0,36.0,44965.0,24738.0,47369.0,18.723442941109038,8278.0
1822,Carson City, Nevada,54412.0,43.1,47948.0,26553.0,8744.0,16.06998456222892,2498.0
3129,Laramie County, Wyoming,96459.0,36.7,61201.0,30249.0,9812.0,10.172197513969666,2761.0
951,Anderson County, Kansas,7858.0,42.0,42146.0,21851.0,1171.0,14.902010689742935,141.0
2893,Brunswick County, Virginia,16573.0,42.6,38858.0,19461.0,3184.0,19.211971278585647,480.0
3110,Vilas County, Wisconsin,21373.0,52.9,41632.0,27537.0,3098.0,14.494923501614187,747.0
3189,Maricao Municipio, Puerto Rico,6274.0,42.0,11909.0,5663.0,4001.0,63.7711189034109,205.0
1337,Leelanau County, Michigan,21764.0,53.3,59018.0,35954.0,1872.0,8.601360044109539,682.0
1384,Carlton County, Minnesota,35482.0,41.1,55607.0,25714.0,4507.0,12.702215207710953,750.0
631,Henry County, Illinois,49681.0,42.3,54757.0,27777.0,6019.0,12.115295585837645,1289.0
2253,Pontotoc County, Oklahoma,38213.0,35.3,44041.0,22710.0,6661.0,17.43124067725643,1121.0
2978,Pend Oreille County, Washington,13001.0,49.8,46036.0,24163.0,2543.0,19.560033843550496,427.0
658,Massac County, Illinois,14883.0,44.0,42706.0,23673.0,2750.0,18.477457501847745,484.0
2084,Knox County, Ohio,60878.0,39.0,48619.0,23426.0,8958.0,14.714675252143635,1812.0
1928,Rensselaer County, New York,159959.0,39.8,61754.0,31529.0,19064.0,11.918054001337845,5812.0
2997,Cabell County, West Virginia,96623.0,38.3,37760.0,23853.0,20249.0,20.956708030179147,2833.0
1274,Talbot County, Maryland,37668.0,49.4,61395.0,40533.0,4064.0,10.78899861951789,1121.0
2536,Wythe County, Virginia,29171.0,43.9,42888.0,24431.0,4677.0,16.03304651880292,1038.0
2818,Victoria County, Texas,90989.0,35.5,54697.0,27509.0,13166.0,14.469880974623306,2487.0
340,Glades County, Florida,13420.0,45.1,34143.0,17798.0,2500.0,18.628912071535023,554.0
2407,Lee County, South Carolina,18189.0,40.8,31169.0,15545.0,4666.0,25.652867117488594,803.0
577,Jerome County, Idaho,22694.0,32.4,44447.0,18214.0,3786.0,16.682823653829207,524.0
2702,Jack County, Texas,8866.0,40.0,50390.0,24677.0,1312.0,14.798105120685765,156.0
1140,Lafayette Parish, Louisiana,234963.0,34.2,52435.0,30403.0,37976.0,16.162544741086897,6426.0
992,Jackson County, Kansas,13365.0,41.3,54700.0,26027.0,1075.0,8.043396932285821,344.0
3020,Mineral County, West Virginia,27606.0,43.3,36153.0,20093.0,4386.0,15.88785046728972,921.0
285,Moffat County, Colorado,13034.0,37.7,53664.0,26344.0,1419.0,10.88691115543962,302.0
2545,Danville city, Virginia,42360.0,41.5,33721.0,21742.0,9135.0,21.565155807365446,2252.0
997,Kingman County, Kansas,7697.0,45.4,56142.0,28911.0,662.0,8.600753540340392,214.0
2831,Winkler County, Texas,7723.0,32.6,54261.0,23051.0,1319.0,17.078855367085332,142.0
1344,Marquette County, Michigan,67418.0,38.9,46822.0,24275.0,10403.0,15.430597169895279,2279.0
1141,Lafourche Parish, Louisiana,97688.0,36.7,52071.0,25299.0,14646.0,14.992629596265662,3417.0
2992,Barbour County, West Virginia,16892.0,41.1,36733.0,18602.0,3657.0,21.649301444470755,566.0
1170,Vernon Parish, Louisiana,52101.0,30.1,46561.0,22297.0,7286.0,13.984376499491372,1589.0
3049,Barron County, Wisconsin,45548.0,44.1,46863.0,25426.0,5467.0,12.002722402739966,1257.0
1649,McHenry County, North Dakota,5912.0,42.4,60741.0,36072.0,583.0,9.861299052774019,79.0
796,Jay County, Indiana,21196.0,39.4,42322.0,20234.0,3317.0,15.649179090394414,774.0
1333,Kent County, Michigan,629352.0,34.9,54673.0,28070.0,92049.0,14.625996262822714,21145.0
1150,Plaquemines Parish, Louisiana,23584.0,36.3,50251.0,25359.0,3990.0,16.918249660786973,401.0
3146,Aibonito Municipio, Puerto Rico,24438.0,40.3,18145.0,9262.0,11433.0,46.78369752025536,382.0
258,Custer County, Colorado,4375.0,56.8,38605.0,22333.0,772.0,17.645714285714284,161.0
673,Randolph County, Illinois,32934.0,41.4,48343.0,23424.0,3219.0,9.774093641829113,749.0
527,Troup County, Georgia,69314.0,36.2,42545.0,21942.0,14388.0,20.757711284877512,3549.0
2392,Darlington County, South Carolina,67689.0,41.2,34773.0,20144.0,15241.0,22.51621386045,4843.0
1995,Hoke County, North Carolina,51853.0,31.7,42704.0,18715.0,11545.0,22.264864135151292,2338.0
690,McLean County, Kentucky,9492.0,41.4,43005.0,21623.0,1718.0,18.09945217024863,319.0
2260,Stephens County, Oklahoma,44631.0,40.2,43493.0,24555.0,6798.0,15.231565503797807,1358.0
2589,Armstrong County, Texas,1913.0,45.9,65000.0,28542.0,177.0,9.252483010977523,15.0
2033,Slope County, North Dakota,665.0,52.1,58750.0,36168.0,67.0,10.075187969924812,0.0
2734,Loving County, Texas,76.0,58.2,56875.0,32707.0,12.0,15.789473684210524,0.0
1064,Boyd County, Kentucky,48716.0,41.8,44140.0,25939.0,8795.0,18.053616881517367,1718.0
1485,Hancock County, Mississippi,46028.0,41.8,46542.0,23221.0,8490.0,18.44529416876684,1882.0
2157,Mercer County, Ohio,40886.0,40.0,55220.0,26236.0,3347.0,8.186176197231326,1021.0
2879,Windham County, Vermont,43609.0,46.2,50917.0,28923.0,5906.0,13.543075970556536,1424.0
1533,Tishomingo County, Mississippi,19503.0,42.7,35364.0,18790.0,3581.0,18.361277752140698,885.0
2066,Fayette County, Ohio,28719.0,41.3,41954.0,22728.0,5207.0,18.13085413837529,924.0
422,Columbia County, Georgia,139904.0,36.5,71962.0,31004.0,13225.0,9.452910567246112,4511.0
2412,Newberry County, South Carolina,37750.0,41.3,39841.0,21883.0,6828.0,18.08741721854305,1526.0
1917,New York County, New York,1634989.0,36.7,75513.0,66522.0,279847.0,17.11613961928796,65859.0
1437,Ramsey County, Minnesota,531528.0,34.6,57717.0,31256.0,82252.0,15.474631628060989,18753.0
2666,Gaines County, Texas,19485.0,28.4,58788.0,22837.0,2076.0,10.654349499615087,375.0
1171,Washington Parish, Louisiana,46367.0,39.4,31013.0,17957.0,11756.0,25.35423900618975,2393.0
787,Hamilton County, Indiana,303042.0,36.3,87782.0,42361.0,15381.0,5.0755340843843415,5800.0
603,Cass County, Illinois,13068.0,40.1,48887.0,25010.0,1787.0,13.674625038261402,588.0
2898,Carroll County, Virginia,29733.0,46.7,37048.0,21484.0,4625.0,15.555107120034974,720.0
1258,Calvert County, Maryland,90527.0,40.7,96808.0,39897.0,5400.0,5.9650711942293455,3834.0
2141,Sevier County, Tennessee,94537.0,42.4,42586.0,22773.0,14285.0,15.110485841522367,3103.0
495,Oglethorpe County, Georgia,14743.0,42.3,44403.0,20987.0,2612.0,17.716882588347012,375.0
2899,Charles City County, Virginia,7086.0,49.2,54167.0,30477.0,1032.0,14.563928873835733,261.0
1412,Lac qui Parle County, Minnesota,6916.0,50.0,49210.0,30816.0,574.0,8.299595141700404,124.0
585,Nez Perce County, Idaho,39995.0,41.2,49541.0,25179.0,5266.0,13.166645830728841,1156.0
254,Clear Creek County, Colorado,9238.0,47.6,68250.0,42355.0,677.0,7.328426066248107,238.0
2522,Russell County, Virginia,27973.0,44.1,38370.0,21171.0,4710.0,16.837664891145028,748.0
2626,Collin County, Texas,886633.0,36.2,86188.0,39933.0,62651.0,7.066170557603879,21376.0
2106,Humphreys County, Tennessee,18216.0,41.7,40995.0,23221.0,3308.0,18.15985946420729,609.0
155,Wrangell City and Borough, Alaska,2401.0,48.8,52986.0,29782.0,237.0,9.870887130362348,85.0
786,Greene County, Indiana,32633.0,42.6,45153.0,23189.0,4810.0,14.739680691324732,933.0
2678,Hale County, Texas,35007.0,32.7,44995.0,18888.0,6740.0,19.25329219870312,1009.0
3014,Logan County, West Virginia,35166.0,42.9,37262.0,20843.0,6986.0,19.86577944605585,1582.0
2954,Asotin County, Washington,22113.0,44.6,45550.0,25760.0,3154.0,14.26310315199204,866.0
538,Webster County, Georgia,2672.0,39.8,37072.0,20834.0,596.0,22.305389221556887,61.0
1958,Brunswick County, North Carolina,119167.0,50.9,49356.0,28694.0,17992.0,15.098139585623537,5000.0
746,Tazewell County, Illinois,135400.0,40.6,60178.0,30700.0,10485.0,7.743722304283604,3480.0
2244,Nowata County, Oklahoma,10510.0,42.0,40302.0,21085.0,1941.0,18.468125594671733,373.0
1294,Alger County, Michigan,9396.0,49.0,41270.0,20993.0,1096.0,11.664538101319714,264.0
2699,Hunt County, Texas,89068.0,38.1,45643.0,22229.0,16281.0,18.27929222616428,3960.0
2313,Bucks County, Pennsylvania,626220.0,43.3,79559.0,39958.0,36635.0,5.850180447765961,21336.0
2051,Butler County, Ohio,373638.0,36.5,59652.0,28556.0,49134.0,13.150161386154512,11637.0
2953,Adams County, Washington,19100.0,28.6,47554.0,17781.0,4322.0,22.6282722513089,507.0
1488,Holmes County, Mississippi,18547.0,33.8,20800.0,12408.0,8046.0,43.38167897773225,1209.0
1984,Gaston County, North Carolina,211753.0,40.0,44288.0,23710.0,35812.0,16.912157088683514,10077.0
1670,Fergus County, Montana,11429.0,46.9,42357.0,25788.0,1574.0,13.771983550616849,170.0
2872,Franklin County, Vermont,48625.0,39.7,58884.0,28892.0,4147.0,8.528534704370179,1351.0
2974,Lincoln County, Washington,10326.0,48.7,47676.0,25382.0,1506.0,14.584543869843117,180.0
2443,Douglas County, South Dakota,2961.0,48.4,51290.0,27397.0,208.0,7.024653833164472,4.0
1365,Saginaw County, Michigan,195201.0,40.4,43712.0,24020.0,33795.0,17.312923601825812,8617.0
1835,Burlington County, New Jersey,450236.0,41.3,80034.0,38137.0,28440.0,6.316687248465249,18903.0
1565,Chariton County, Missouri,7615.0,45.4,41773.0,23029.0,1130.0,14.83913328956008,126.0
1310,Clare County, Michigan,30608.0,46.5,34911.0,20418.0,7289.0,23.814035546262414,1535.0
990,Haskell County, Kansas,4087.0,36.2,55453.0,22886.0,521.0,12.747736726205039,78.0
2086,Lawrence County, Ohio,61503.0,41.4,44256.0,22567.0,11183.0,18.182852868965746,2030.0
1798,Thomas County, Nebraska,675.0,41.9,54286.0,30746.0,65.0,9.629629629629632,7.0
2022,Pitt County, North Carolina,175150.0,31.7,42308.0,24066.0,41412.0,23.643733942335142,10571.0
1436,Pope County, Minnesota,10975.0,46.4,55180.0,30485.0,1026.0,9.348519362186787,206.0
833,Starke County, Indiana,23069.0,41.9,43401.0,21343.0,3596.0,15.588018553036544,995.0
1791,Scotts Bluff County, Nebraska,36599.0,39.6,46632.0,25863.0,4791.0,13.090521598950787,1003.0
1878,San Juan County, New Mexico,122537.0,34.8,48624.0,22927.0,24871.0,20.296726702955027,5513.0
988,Harper County, Kansas,5798.0,43.2,46886.0,25944.0,771.0,13.297688858226975,124.0
170,Santa Cruz County, Arizona,46547.0,36.4,38941.0,18860.0,10083.0,21.66197606720089,1879.0
790,Hendricks County, Indiana,155817.0,37.5,73042.0,31335.0,7834.0,5.027692742126981,4152.0
1055,Adair County, Kentucky,19156.0,40.8,33873.0,18463.0,4146.0,21.64334934224264,497.0
867,Cerro Gordo County, Iowa,43303.0,44.3,47788.0,28763.0,5422.0,12.521072443017804,957.0
1989,Guilford County, North Carolina,511815.0,37.1,46896.0,27531.0,87165.0,17.030567685589517,19809.0
178,Bradley County, Arkansas,11096.0,40.9,34665.0,20465.0,3163.0,28.505767844268213,498.0
241,Ventura County, California,843110.0,37.3,78593.0,34331.0,88486.0,10.49519042592307,32651.0
1587,Hickory County, Missouri,9267.0,54.2,33113.0,18694.0,2295.0,24.76529621236646,392.0
2055,Clermont County, Ohio,201092.0,39.7,61265.0,30060.0,20968.0,10.427068207586576,5180.0
1704,Stillwater County, Montana,9342.0,46.6,59603.0,30958.0,675.0,7.22543352601156,180.0
3073,Jackson County, Wisconsin,20566.0,42.0,49608.0,24074.0,2536.0,12.331031800058348,547.0
394,Bartow County, Georgia,101942.0,37.4,50565.0,23376.0,14899.0,14.615173333856509,3748.0
1394,Dakota County, Minnesota,411402.0,37.6,77321.0,37266.0,29265.0,7.1134802455991935,10530.0
1026,Rawlins County, Kansas,2557.0,50.3,49327.0,27250.0,204.0,7.9780993351583875,30.0
1769,Logan County, Nebraska,830.0,43.3,51346.0,24693.0,95.0,11.445783132530119,4.0
2441,Deuel County, South Dakota,4309.0,44.5,54781.0,29953.0,448.0,10.396843815270364,49.0
1861,Do?a Ana County, New Mexico,213825.0,32.6,38636.0,20143.0,57626.0,26.950075996726287,10529.0
1077,Casey County, Kentucky,15928.0,42.6,32315.0,18146.0,4114.0,25.82872928176796,601.0
1434,Pipestone County, Minnesota,9285.0,42.4,48944.0,27489.0,1155.0,12.439418416801292,196.0
2592,Bailey County, Texas,7131.0,34.4,40589.0,17710.0,1322.0,18.538774365446642,69.0
2580,Weakley County, Tennessee,34024.0,37.5,38040.0,19847.0,5962.0,17.522924994121798,1583.0
1507,Madison County, Mississippi,101791.0,37.1,65924.0,35435.0,12720.0,12.496193180143628,2879.0
1768,Lincoln County, Nebraska,35777.0,40.2,52179.0,27474.0,4200.0,11.739385638818236,570.0
1525,Sharkey County, Mississippi,4662.0,38.7,28878.0,15430.0,1435.0,30.780780780780788,459.0
2669,Gillespie County, Texas,25732.0,50.1,55850.0,30939.0,2725.0,10.589926939219648,713.0
1497,Kemper County, Mississippi,10128.0,41.1,29925.0,14715.0,2755.0,27.20181674565561,366.0
35,Lonoke County, Arkansas,71279.0,35.8,56156.0,24501.0,8535.0,11.974073710349472,1932.0
2200,Canadian County, Oklahoma,129571.0,35.7,66664.0,28724.0,10237.0,7.900687653873166,2890.0
2005,Macon County, North Carolina,33991.0,49.0,39593.0,25195.0,6183.0,18.190109146538788,847.0
1962,Caldwell County, North Carolina,81623.0,43.5,37118.0,20587.0,14137.0,17.31987307499112,3992.0
907,Linn County, Iowa,218076.0,37.2,60989.0,31854.0,19912.0,9.130761752783432,5111.0
245,Alamosa County, Colorado,16353.0,30.2,32385.0,18133.0,4786.0,29.266801198556838,605.0
2973,Lewis County, Washington,75724.0,43.1,44526.0,22947.0,12131.0,16.020020072896315,3156.0
357,Liberty County, Florida,8285.0,36.9,37917.0,17218.0,1147.0,13.84429692214846,277.0
1479,DeSoto County, Mississippi,170890.0,36.2,60111.0,27135.0,16948.0,9.91749078354497,6079.0
1743,Franklin County, Nebraska,3076.0,50.2,46531.0,28373.0,392.0,12.743823146944086,54.0
2363,Tioga County, Pennsylvania,42031.0,43.2,48449.0,24626.0,5509.0,13.106992457947705,1335.0
1558,Callaway County, Missouri,44693.0,37.8,50362.0,23475.0,5354.0,11.979504620410356,1170.0
332,DeSoto County, Florida,35134.0,40.2,35513.0,16710.0,9920.0,28.234758353731433,1132.0
2243,Noble County, Oklahoma,11470.0,41.5,49367.0,26701.0,1449.0,12.632955536181342,263.0
426,Crisp County, Georgia,23061.0,38.4,31672.0,19943.0,7439.0,32.257924634664576,1419.0
510,Screven County, Georgia,14114.0,40.5,35047.0,19801.0,3425.0,24.26668556043645,513.0
1994,Hertford County, North Carolina,24285.0,41.9,34523.0,17650.0,5217.0,21.48239654107474,1195.0
1312,Crawford County, Michigan,13840.0,49.7,41034.0,22348.0,2326.0,16.80635838150289,637.0
967,Cowley County, Kansas,35977.0,38.0,44960.0,22249.0,5546.0,15.415404286071658,1029.0
1326,Ionia County, Michigan,64126.0,38.2,50037.0,21526.0,8597.0,13.406418613354955,2417.0
1526,Simpson County, Mississippi,27279.0,37.9,37285.0,18495.0,7299.0,26.75684592543715,1232.0
529,Twiggs County, Georgia,8363.0,45.7,31625.0,18255.0,2504.0,29.941408585435852,210.0
2430,Buffalo County, South Dakota,2052.0,25.1,31293.0,10763.0,800.0,38.98635477582846,103.0
268,Gilpin County, Colorado,5708.0,44.8,67544.0,37027.0,392.0,6.867554309740715,128.0
1472,Choctaw County, Mississippi,8320.0,43.0,32953.0,18434.0,1993.0,23.95432692307693,454.0
2336,Indiana County, Pennsylvania,87491.0,39.0,45118.0,23886.0,14533.0,16.610851401858476,3234.0
121,Sumter County, Alabama,13285.0,36.5,20428.0,13929.0,4582.0,34.49002634550244,782.0
1387,Chippewa County, Minnesota,12126.0,43.1,54041.0,27781.0,1285.0,10.597064159656936,141.0
1800,Valley County, Nebraska,4240.0,46.1,44657.0,26384.0,533.0,12.570754716981131,43.0
3040,Upshur County, West Virginia,24632.0,41.5,42240.0,21361.0,4154.0,16.864241636895095,833.0
1288,Nantucket County, Massachusetts,10694.0,39.1,89428.0,46009.0,1083.0,10.127174116326913,225.0
2830,Wilson County, Texas,46444.0,40.4,68737.0,28419.0,4795.0,10.324261476186377,1375.0
2161,Morgan County, Ohio,14857.0,43.8,38941.0,20301.0,2936.0,19.761728478158442,500.0
2116,Loudon County, Tennessee,50637.0,47.2,52995.0,28660.0,6767.0,13.36374587752039,1608.0
1451,Swift County, Minnesota,9483.0,44.2,49956.0,28969.0,1155.0,12.179689971527994,167.0
2853,Piute County, Utah,1859.0,42.5,37112.0,17416.0,304.0,16.352877891339432,24.0
938,Union County, Iowa,12539.0,40.3,45934.0,25140.0,1585.0,12.640561448281364,274.0
2801,Sutton County, Texas,3936.0,36.4,54567.0,28140.0,358.0,9.095528455284553,124.0
1308,Cheboygan County, Michigan,25579.0,49.6,41023.0,24220.0,4704.0,18.390085617107786,1465.0
2286,Klamath County, Oregon,65946.0,42.6,41951.0,23071.0,12117.0,18.374124283504685,3262.0
739,Saline County, Illinois,24659.0,42.0,40290.0,21917.0,5334.0,21.631047487732676,1389.0
976,Ellsworth County, Kansas,6375.0,43.8,49134.0,23851.0,460.0,7.215686274509804,96.0
2651,Ector County, Texas,153177.0,30.4,58335.0,27295.0,18777.0,12.258367770618305,4902.0
2144,Stewart County, Tennessee,13257.0,43.4,41835.0,21652.0,2520.0,19.008825526137134,459.0
3039,Tyler County, West Virginia,9000.0,46.3,38674.0,22083.0,1663.0,18.477777777777774,304.0
1626,Barnes County, North Dakota,11033.0,43.5,55778.0,34244.0,1025.0,9.290310885525242,165.0
280,Las Animas County, Colorado,14322.0,45.7,42808.0,23857.0,1926.0,13.447842480100546,529.0
901,Jefferson County, Iowa,17662.0,41.1,45257.0,25120.0,2504.0,14.177329860717926,568.0
597,Bond County, Illinois,17137.0,41.3,52159.0,23660.0,2553.0,14.897590009920055,469.0
2969,King County, Washington,2079550.0,37.2,78800.0,43629.0,219317.0,10.546368204659665,64711.0
709,Owen County, Kentucky,10673.0,41.6,41597.0,22151.0,1858.0,17.408413754333363,368.0
2643,Delta County, Texas,5226.0,43.8,40529.0,20822.0,1110.0,21.239954075774968,200.0
2519,Roanoke County, Virginia,93655.0,43.7,60380.0,32220.0,7270.0,7.762532699802468,2283.0
2075,Hardin County, Ohio,31652.0,35.8,44842.0,20994.0,4574.0,14.450903576393275,1269.0
889,Guthrie County, Iowa,10691.0,45.9,52702.0,29938.0,1116.0,10.438686745861004,182.0
1894,Chemung County, New York,87742.0,41.0,49578.0,26196.0,13179.0,15.02017277928472,2244.0
1402,Hennepin County, Minnesota,1209265.0,36.2,67989.0,39939.0,141453.0,11.697436045862567,35616.0
1531,Tate County, Mississippi,28338.0,36.7,43883.0,20948.0,4158.0,14.672877408426848,1010.0
1200,Polk County, Missouri,31113.0,37.4,42483.0,20553.0,5228.0,16.803265516022243,1318.0
817,Orange County, Indiana,19579.0,40.9,41438.0,21295.0,3154.0,16.109096480923437,491.0
3051,Brown County, Wisconsin,256621.0,36.8,54172.0,28787.0,29105.0,11.341628315687338,7446.0
1967,Chatham County, North Carolina,68778.0,46.9,58555.0,35109.0,9185.0,13.354561051499026,2497.0
686,Logan County, Kentucky,26757.0,40.6,39027.0,20385.0,4778.0,17.8570093807228,837.0
885,Franklin County, Iowa,10393.0,42.5,47524.0,24909.0,1509.0,14.519388049648802,279.0
1215,Scotland County, Missouri,4893.0,39.0,41336.0,23626.0,781.0,15.96157776415287,113.0
1478,Covington County, Mississippi,19503.0,38.2,31684.0,16941.0,4943.0,25.34481874583398,1075.0
2232,Lincoln County, Oklahoma,34640.0,41.1,46592.0,23878.0,5125.0,14.795034642032332,953.0
117,Randolph County, Alabama,22615.0,42.8,37496.0,19584.0,4542.0,20.08401503426929,735.0
1028,Republic County, Kansas,4768.0,50.9,41489.0,26029.0,530.0,11.115771812080538,90.0
3212,Trujillo Alto Municipio, Puerto Rico,70737.0,38.6,30427.0,15760.0,21023.0,29.71994854178153,2403.0
1942,Ulster County, New York,180505.0,43.4,60393.0,31760.0,22480.0,12.453948644081885,7993.0
2385,Calhoun County, South Carolina,14886.0,45.8,42779.0,22964.0,2834.0,19.03802230283488,589.0
192,Contra Costa County, California,1107925.0,39.1,82881.0,40792.0,111922.0,10.101947333980187,43374.0
1058,Ballard County, Kentucky,8216.0,42.9,43923.0,24459.0,1298.0,15.798442064264849,193.0
2566,Radford city, Virginia,17186.0,22.7,31457.0,18108.0,5580.0,32.46828814151053,724.0
2469,Mellette County, South Dakota,2083.0,33.0,29471.0,13934.0,937.0,44.98319731156985,74.0
922,Osceola County, Iowa,6154.0,44.3,48457.0,25936.0,631.0,10.253493662658434,93.0
1431,Otter Tail County, Minnesota,57694.0,46.8,53351.0,28781.0,5497.0,9.527853849620412,1177.0
1963,Camden County, North Carolina,10228.0,40.9,60714.0,26420.0,1060.0,10.363707469691043,536.0
583,Madison County, Idaho,38114.0,23.3,33856.0,15103.0,12226.0,32.07745185496143,1733.0
2035,Steele County, North Dakota,1969.0,49.8,58603.0,36802.0,119.0,6.043676993397664,43.0
960,Cherokee County, Kansas,20737.0,41.7,41240.0,20371.0,3315.0,15.98591888894247,630.0
1625,Adams County, North Dakota,2348.0,45.1,53295.0,32594.0,241.0,10.264054514480408,25.0
1466,Attala County, Mississippi,19085.0,40.6,33018.0,20283.0,4574.0,23.96646581084621,842.0
1318,Gladwin County, Michigan,25367.0,49.1,39629.0,22255.0,5099.0,20.10091851618245,900.0
2411,Marlboro County, South Carolina,27702.0,39.4,32601.0,15849.0,6551.0,23.648112049671504,1783.0
1224,Vernon County, Missouri,20836.0,40.7,40655.0,21246.0,3499.0,16.79305048953734,455.0
1211,St. Francois County, Missouri,66230.0,38.8,41461.0,20016.0,9955.0,15.030952740449948,2045.0
858,Boone County, Iowa,26411.0,41.1,54513.0,28412.0,2659.0,10.06777479080686,615.0
1658,Pembina County, North Dakota,7136.0,48.1,56813.0,32779.0,415.0,5.815582959641255,114.0
2840,Cache County, Utah,118824.0,25.0,51935.0,21055.0,17367.0,14.6157341951121,2628.0
3107,Taylor County, Wisconsin,20521.0,43.4,47306.0,24907.0,2511.0,12.236245796988447,475.0
1490,Issaquena County, Mississippi,1352.0,42.3,24306.0,17282.0,431.0,31.87869822485207,43.0
202,Lake County, California,64076.0,45.8,36132.0,21799.0,15561.0,24.28522379674137,3554.0
995,Johnson County, Kansas,572428.0,37.1,78186.0,41415.0,34189.0,5.9726288721026926,13088.0
2656,Falls County, Texas,17265.0,39.3,38547.0,17257.0,3756.0,21.754995655951348,390.0
2650,Eastland County, Texas,18252.0,42.5,34434.0,21577.0,3054.0,16.732412886259038,357.0
2751,Mitchell County, Texas,8995.0,35.5,51555.0,19334.0,654.0,7.270705947748749,193.0
259,Delta County, Colorado,30221.0,47.5,42011.0,24261.0,4890.0,16.180801429469575,1142.0
2789,San Saba County, Texas,5881.0,41.0,40718.0,19583.0,930.0,15.813637136541404,94.0
2473,Oglala Lakota County, South Dakota,14263.0,24.6,26330.0,9286.0,7622.0,53.4389679590549,1250.0
606,Clark County, Illinois,16089.0,43.1,48693.0,25806.0,2576.0,16.010939150972714,723.0
479,Lumpkin County, Georgia,31094.0,36.8,40634.0,21814.0,6426.0,20.666366501575858,1043.0
2916,Gloucester County, Virginia,37021.0,44.3,62878.0,31072.0,2798.0,7.5578725588179685,773.0
1836,Camden County, New Jersey,511145.0,38.4,63028.0,31736.0,66882.0,13.084741120425713,23687.0
384,Wakulla County, Florida,31314.0,40.2,54078.0,22129.0,3970.0,12.67803538353452,1022.0
3125,Fremont County, Wyoming,40683.0,38.4,53559.0,26606.0,5585.0,13.728092815180789,1479.0
481,McIntosh County, Georgia,13941.0,48.0,45248.0,23826.0,2788.0,19.99856538268417,608.0
3026,Ohio County, West Virginia,43257.0,43.2,41986.0,28160.0,6626.0,15.317752040132232,1163.0
2477,Roberts County, South Dakota,10294.0,38.6,50108.0,24426.0,2064.0,20.050514863027004,345.0
1985,Gates County, North Carolina,11615.0,44.6,51582.0,23602.0,1391.0,11.975893241498065,540.0
863,Calhoun County, Iowa,9876.0,45.4,44635.0,26210.0,1364.0,13.81125961927906,126.0
467,Jefferson County, Georgia,16201.0,38.7,28417.0,16986.0,4535.0,27.99209925313253,818.0
2935,Lunenburg County, Virginia,12450.0,45.2,39911.0,18383.0,2361.0,18.96385542168675,299.0
231,Sierra County, California,2931.0,55.2,43984.0,31873.0,329.0,11.224837939269873,50.0
1869,Los Alamos County, New Mexico,17895.0,43.5,105902.0,51066.0,904.0,5.051690416317408,244.0
1860,De Baca County, New Mexico,1977.0,49.7,31197.0,28232.0,389.0,19.67627718765807,49.0
719,Russell County, Kentucky,17684.0,43.4,31539.0,17702.0,4606.0,26.04614340646913,733.0
3,Clay County, Arkansas,15202.0,44.0,32404.0,19192.0,3340.0,21.970793316668853,474.0
286,Montezuma County, Colorado,26006.0,43.4,41622.0,22738.0,4811.0,18.499577020687532,774.0
2460,Kingsbury County, South Dakota,5070.0,46.5,54568.0,31524.0,465.0,9.171597633136097,58.0
946,Winneshiek County, Iowa,20789.0,40.6,57009.0,27240.0,1472.0,7.080667660782144,310.0
2728,Leon County, Texas,16923.0,44.8,47441.0,27271.0,2694.0,15.919163268923947,553.0
759,Adams County, Indiana,34813.0,33.7,47572.0,21173.0,6140.0,17.637089592968145,872.0
2314,Butler County, Pennsylvania,185974.0,43.0,63345.0,33406.0,15257.0,8.203834944669683,5015.0
1125,Catahoula Parish, Louisiana,10145.0,38.2,34736.0,21870.0,1875.0,18.48201084277969,294.0
95,Henry County, Alabama,17187.0,43.2,41045.0,22825.0,2586.0,15.046255891080468,574.0
1456,Waseca County, Minnesota,19034.0,39.4,53199.0,27179.0,1387.0,7.286960176526216,468.0
2724,Lampasas County, Texas,20357.0,41.1,50358.0,24382.0,2751.0,13.513779044063469,738.0
1432,Pennington County, Minnesota,14156.0,39.6,51156.0,26992.0,1211.0,8.554676462277481,260.0
3104,Sawyer County, Wisconsin,16438.0,49.5,41869.0,25680.0,2623.0,15.956929066796448,587.0
1370,Shiawassee County, Michigan,68800.0,41.7,48470.0,23927.0,9649.0,14.02470930232558,2896.0
553,Bannock County, Idaho,83815.0,33.0,45216.0,22885.0,14875.0,17.747419912903418,2814.0
2595,Baylor County, Texas,3639.0,48.6,34382.0,30495.0,452.0,12.420994778785381,20.0
1951,Alleghany County, North Carolina,10868.0,48.5,38352.0,21059.0,2089.0,19.221567905778443,315.0
1506,Lowndes County, Mississippi,59785.0,36.9,41219.0,22143.0,12783.0,21.381617462574226,3166.0
191,Colusa County, California,21361.0,34.7,54946.0,25745.0,2859.0,13.384204859323065,871.0
1552,Benton County, Missouri,18825.0,52.9,33428.0,19487.0,3581.0,19.02257636122178,674.0
2347,Mercer County, Pennsylvania,114598.0,44.1,45831.0,24399.0,14962.0,13.056074277037993,3307.0
661,Monroe County, Illinois,33703.0,42.3,72956.0,35699.0,1480.0,4.3913004777022815,843.0
1154,Richland Parish, Louisiana,20692.0,37.8,35684.0,19347.0,4751.0,22.960564469360147,930.0
86,DeKalb County, Alabama,70937.0,39.3,38248.0,18685.0,13872.0,19.55538012602732,1894.0
1421,Martin County, Minnesota,20193.0,45.2,51984.0,29034.0,2308.0,11.42970336255138,340.0
1977,Davidson County, North Carolina,164058.0,41.9,44469.0,23146.0,26221.0,15.982762193858273,7911.0
627,Hamilton County, Illinois,8251.0,43.0,45076.0,24309.0,1219.0,14.77396679190401,159.0
